Track,Submission ID,Submission Title,Authors
Area A (Information Extraction and Question Answering) [LONG],587-TACL,Joint Multitask Learning for Community Question Answering Using Task-Specific Embeddings,"Shafiq Joty, Lluís Màrquez and Preslav Nakov"
Area A (Information Extraction and Question Answering) [LONG],1017,What Makes Reading Comprehension Questions Easier?,"Saku Sugawara, Kentaro Inui, Satoshi Sekine and Akiko Aizawa"
Area A (Information Extraction and Question Answering) [LONG],1989,Commonsense for Generative Multi-Hop Question Answering Tasks,"Lisa Bauer, Yicheng Wang and Mohit Bansal"
Area A (Information Extraction and Question Answering) [LONG],2043,Open Domain Question Answering Using Early Fusion of Knowledge Bases and Text,"Haitian Sun, Bhuwan Dhingra, Manzil Zaheer, Kathryn Mazaitis, Ruslan Salakhutdinov and William Cohen"
Area A (Information Extraction and Question Answering) [LONG],2134,A Nil-Aware Answer Extraction Framework for Question Answering,Souvik Kundu and Hwee Tou Ng
Area A (Information Extraction and Question Answering) [LONG],628,Large-scale Cloze Test Dataset Created by Teachers,"Qizhe Xie, Guokun Lai, Zihang Dai and Eduard Hovy"
Area A (Information Extraction and Question Answering) [LONG],1849,emrQA: A Large Corpus for Question Answering on Electronic Medical Records,"Anusri Pampari, Preethi Raghavan, Jennifer Liang and Jian Peng"
Area A (Information Extraction and Question Answering) [LONG],2015,"HotpotQA: A Dataset for Diverse, Explainable Multi-hop Question Answering","Zhilin Yang, Peng Qi, Saizheng Zhang, Yoshua Bengio, William Cohen, Ruslan Salakhutdinov and Christopher D. Manning"
Area A (Information Extraction and Question Answering) [LONG],2133,Can a Suit of Armor Conduct Electricity? A New Dataset for Open Book Question Answering,"Peter Clark, Tushar Khot, Todor Mihaylov and Ashish Sabharwal"
Area A (Information Extraction and Question Answering) [LONG],2312,Evaluating Theory of Mind in Question Answering,"Aida Nematzadeh, Kaylee Burns, Erin Grant and Tom Griffiths"
Area A (Information Extraction and Question Answering) [LONG],224,Automatic Event Salience Identification,"Zhengzhong Liu, Chenyan Xiong, Teruko Mitamura and Eduard Hovy"
Area A (Information Extraction and Question Answering) [LONG],766,Temporal Information Extraction by Predicting Relative Time-lines,Artuur Leeuwenberg and Marie-Francine Moens
Area A (Information Extraction and Question Answering) [LONG],1177,Jointly Multiple Events Extraction via Attention-based Graph Information Aggregation,"Xiao Liu, Zhunchen Luo and Heyan Huang"
Area A (Information Extraction and Question Answering) [LONG],1613,RESIDE: Improving Distantly-Supervised Neural Relation Extraction using Side Information,"Shikhar Vashishth, Rishabh Joshi, Sai Suman Prayaga, Chiranjib Bhattacharyya and Partha Talukdar"
Area A (Information Extraction and Question Answering) [LONG],1924,Collective Event Detection via a Hierarchical and Bias Tagging Networks with Gated Multi-level Attention Mechanisms,"Yubo Chen, Hang Yang, Kang Liu and Jun Zhao"
Area A (Information Extraction and Question Answering) [LONG],1000,Knowledge Graph Embedding with Hierarchical Relation Structure,"Zhao Zhang, Fuzhen Zhuang, Meng Qu, Fen Lin and Qing He"
Area A (Information Extraction and Question Answering) [LONG],1331,Embedding Multimodal Relational Data for Knowledge Base Completion,"Pouya Pezeshkpour, Liyan Chen and Sameer Singh"
Area A (Information Extraction and Question Answering) [LONG],1947,"Multi-Task Identification of Entities, Relations, and Coreference for Scientific Knowledge Graph Construction","Yi Luan, Luheng He, Mari Ostendorf and Hannaneh Hajishirzi"
Area A (Information Extraction and Question Answering) [LONG],2201,Multi-Hop Knowledge Graph Reasoning with Reward Shaping,"Xi Victoria Lin, Richard Socher and Caiming Xiong"
Area A (Information Extraction and Question Answering) [LONG],392,PreCo: A Large-scale Dataset in Preschool Vocabulary for Coreference Resolution,"Hong Chen, Zhenhua Fan, Hao Lu, Alan Yuille and Shu Rong"
Area A (Information Extraction and Question Answering) [LONG],627,Adversarial Transfer Learning for Chinese Named Entity Recognition with Self-Attention Mechanism,"Pengfei Cao, Yubo Chen, Kang Liu and Jun Zhao"
Area A (Information Extraction and Question Answering) [LONG],1286,Using Linguistic Features to Improve Generalization in Neural Coreference Resolvers,Nafise Sadat Moosavi and Michael Strube
Area A (Information Extraction and Question Answering) [LONG],1574,Neural Segmental Hypergraphs for Overlapping Mention Recognition,Bailin Wang and Wei Lu
Area A (Information Extraction and Question Answering) [LONG],1702,Characterizing Interactions and Relationships between People,Farzana Rashid and Eduardo Blanco
Area A (Information Extraction and Question Answering) [LONG],1650,"TVQA: Localized, Compositional Video Question Answering","Jie Lei, Licheng Yu, Mohit Bansal and Tamara Berg"
Area A (Information Extraction and Question Answering) [LONG],1504,Deep Probabilistic Logic: A Unifying Framework for Indirect Supervision,Hai Wang and Hoifung Poon
Area A (Information Extraction and Question Answering) [LONG],1430-TACL,Comparing Bayesian Models of Annotation,"Silviu Paun, Bob Carpenter, Jon Chamberlain, Dirk Hovy, Udo Kruschwitz, Massimo Poesio"
Area A (Information Extraction and Question Answering) [LONG],1649,Phrase-Indexed Question Answering: A New Challenge for Scalable Document Comprehension,"Minjoon Seo, Tom Kwiatkowski, Ankur Parikh, Ali Farhadi and Hannaneh Hajishirzi"
Area A (Information Extraction and Question Answering) [LONG],131,Cut to the Chase: A Context Zoom-in Network for Reading Comprehension,"Sathish Reddy Indurthi, Seunghak Yu, Seohyun Back and Heriberto Cuayahuitl"
Area A (Information Extraction and Question Answering) [LONG],1904,How Much Reading Does Reading Comprehension Require? A Critical Investigation of Popular Benchmarks,Divyansh Kaushik and Zachary C. Lipton
Area A (Information Extraction and Question Answering) [LONG],592,SimpleQuestions Nearly Solved: A New Upperbound and Baseline Approach,Michael Petrochuk and Luke Zettlemoyer
Area A (Information Extraction and Question Answering) [LONG],940,Adaptive Document Retrieval for Deep Question Answering,Bernhard Kratzwald and Stefan Feuerriegel
Area A (Information Extraction and Question Answering) [LONG],1776,Marginal Likelihood Training of BiLSTM-CRF for Biomedical Named Entity Recognition from Disjoint Label Sets,"Nathan Greenberg, Trapit Bansal, Patrick Verga and Andrew McCallum"
Area A (Information Extraction and Question Answering) [LONG],146,Adversarial training for multi-context joint entity and relation extraction,"Giannis Bekoulis, Johannes Deleu, Thomas Demeester and Chris Develder"
Area A (Information Extraction and Question Answering) [LONG],946,Learning Sequence Encoders for Temporal Knowledge Graph Completion,"Alberto Garcia-Duran, Sebastijan Dumančić and Mathias Niepert"
Area A (Information Extraction and Question Answering) [LONG],152,Similar but not the Same - Word Sense Disambiguation Improves Event Detection via Neural Representation Matching,Weiyi Lu and Thien Huu Nguyen
Area A (Information Extraction and Question Answering) [LONG],1440,Learning Word Representations with Cross-Sentence Dependencyfor End-to-End Co-reference Resolution,Hongyin Luo and Jim Glass
Area A (Information Extraction and Question Answering) [LONG],500,A Probabilistic Annotation Model for Crowdsourcing Coreference,"Silviu Paun, Jon Chamberlain, Udo Kruschwitz, Juntao Yu and Massimo Poesio"
Area A (Information Extraction and Question Answering) [LONG],171,Mapping Text to Knowledge Graph Entities by Vector Space Transformation,"Dimitri Kartsaklis, Mohammad Taher Pilehvar and Nigel Collier"
Area A (Information Extraction and Question Answering) [LONG],415,Differentiating Concepts and Instances for Knowledge Graph Embedding,"Xin Lv, Lei Hou, Juanzi Li and Zhiyuan Liu"
Area A (Information Extraction and Question Answering) [LONG],1762,Regular Expression Guided Entity Mention Mining from Noisy Web Data,"Shanshan Zhang, Lihong He, Slobodan Vucetic and Eduard Dragut"
Area A (Information Extraction and Question Answering) [LONG],1898,HyTE: Hyperplane-based Temporally aware Knowledge Graph Embedding,"SHIB SANKAR DASGUPTA, Swayambhu Nath Ray and Partha Talukdar"
Area A (Information Extraction and Question Answering) [LONG],615,Neural Adaptation Layers for Cross-domain Named Entity Recognition,Bill Yuchen Lin and Wei Lu
Area A (Information Extraction and Question Answering) [LONG],855,Entity Linking within a Social Media Platform: A Case Study on Yelp,"Hongliang Dai, Yangqiu Song, Liwei Qiu and Rijia Liu"
Area A (Information Extraction and Question Answering) [LONG],1094,Annotation of Large Clinical Entity Corpus,"Pinal Patel, Disha Davey, Vishal Panchal and Parth Pathak"
Area A (Information Extraction and Question Answering) [LONG],1344,Visual Supervision in Bootstrapped Information Extraction,"Matthew Berger, Ajay Nagesh, Joshua Levine, Mihai Surdeanu and Helen Zhang"
Area A (Information Extraction and Question Answering) [LONG],1631,Learning Named Entity Tagger using Domain-Specific Dictionary,"Jingbo Shang, Liyuan Liu, Xiaotao Gu, Xiang Ren, Teng Ren and Jiawei Han"
Area A (Information Extraction and Question Answering) [LONG],1973,Zero-Shot Open Entity Typing as Type-Compatible Grounding,"Ben Zhou, Daniel Khashabi, Chen-Tse Tsai and Dan Roth"
Area A (Information Extraction and Question Answering) [LONG],94,Attention-Guided Answer Distillation for Machine Reading Comprehension,"Minghao Hu, Yuxing Peng, Furu Wei, Zhen Huang, Dongsheng Li, Nan Yang and Ming Zhou"
Area A (Information Extraction and Question Answering) [LONG],534,Interpretation of Natural Language Rules in Conversational Machine Reading,"Marzieh Saeidi, Max Bartolo, Patrick Lewis, Sameer Singh, Tim Rocktäschel, Mike Sheldon, Guillaume Bouchard and Sebastian Riedel"
Area A (Information Extraction and Question Answering) [LONG],771,A State-transition Framework to Answer Complex Questions over Knowledge Base,"Sen Hu, Lei Zou and Xinbo Zhang"
Area A (Information Extraction and Question Answering) [LONG],833,A Multi-answer Multi-task Framework for Real-world Machine Reading Comprehension,"Jiahua Liu, Wan Wei, Maosong Sun, Hao Chen, Yantao Du and Dekang Lin"
Area A (Information Extraction and Question Answering) [LONG],1110,Logician and Orator: Learning from the Duality between Language and Knowledge in Open Domain,"Mingming Sun, Xu Li and Ping Li"
Area A (Information Extraction and Question Answering) [LONG],1630,Deep and Wide Reader: Effective Memory Augmenting Method for Large-Scale Reading Comprehension,"Seohyun Back, Seunghak Yu, Sathish Reddy Indurthi, Jihie Kim and Jaegul Choo"
Area A (Information Extraction and Question Answering) [LONG],1677,Multi-Granular Sequence Encoding via Dilated Compositional Units for Reading Comprehension,"Yi Tay, Anh Tuan Luu and Siu Cheung Hui"
Area A (Information Extraction and Question Answering) [LONG],1721,Neural Compositional Denotational Semantics for Question Answering,Nitish Gupta and Mike Lewis
Area A (Information Extraction and Question Answering) [LONG],2168,Cross-Pair Text Representations for Answer Sentence Selection,Kateryna Tymoshenko and Alessandro Moschitti
Area A (Information Extraction and Question Answering) [LONG],2244,Knowledge Base Question Answering via Encoding of Complex Query Graphs,"Kangqi Luo, Fengli Lin, Xusheng Luo and Kenny Zhu"
Area A (Information Extraction and Question Answering) [LONG],58,Neural Relation Extraction via Inner-Sentence Noise Reduction and Transfer Learning,"Tianyi Liu, Xinsong Zhang, Wanhao Zhou and Weijia Jia"
Area A (Information Extraction and Question Answering) [LONG],297,Graph Convolution over Pruned Dependency Trees Improves Relation Extraction,"Yuhao Zhang, Peng Qi and Christopher D. Manning"
Area A (Information Extraction and Question Answering) [LONG],425,Multi-Level Structured Self-Attentions for Distantly Supervised Relation Extraction,"Jinhua Du, Jingguang Han, Andy Way and Dadong Wan"
Area A (Information Extraction and Question Answering) [LONG],712,N-ary Relation Extraction using Graph State LSTM,"Linfeng Song, Yue Zhang, Zhiguo Wang and Daniel Gildea"
Area A (Information Extraction and Question Answering) [LONG],1009,Hierarchical Relation Extraction with Coarse-to-Fine Grained Attention,"Xu Han, Pengfei Yu, Zhiyuan Liu, Maosong Sun and Peng Li"
Area A (Information Extraction and Question Answering) [LONG],1020,Label-Free Distant Supervision for Relation Extraction via Knowledge Graph Embedding,"Guanying Wang, Wen Zhang, Ruoxu Wang, Yalin Zhou, Xi Chen, Wei Zhang, Hai Zhu and Huajun Chen"
Area A (Information Extraction and Question Answering) [LONG],1048,Extracting Entities and Relations with Joint Minimum Risk Training,"Changzhi Sun, Yuanbin Wu, Man Lan, Shiliang Sun, Wenting Wang, Kuang-Chih Lee and Kewen Wu"
Area A (Information Extraction and Question Answering) [LONG],1232,Large-scale Exploration of Neural Relation Classification Architectures,"Hoang-Quynh Le, Duy-Cat Can, Sinh T. Vu, Thanh Hai Dang, Mohammad Taher Pilehvar and Nigel Collier"
Area A (Information Extraction and Question Answering) [LONG],529,Paragraph-level Neural Question Generation with Maxout Pointer and Gated Self-attention Networks,"Yao Zhao, Xiaochuan Ni, Yuanyuan Ding and Qifa Ke"
Area A (Information Extraction and Question Answering) [LONG],1714,Answer-focused and Position-aware Neural Question Generation,"Xingwu Sun, Jing Liu, Yajuan Lyu, Wei He, Yanjun Ma and Shi Wang"
Area A (Information Extraction and Question Answering) [LONG],585,Closed-Book Training to Improve Summarization Encoder Memory,Yichen Jiang and Mohit Bansal
Area A (Information Extraction and Question Answering) [LONG],2190,FewRel: A Large-Scale Supervised Few-shot Relation Classification Dataset with State-of-the-Art Evaluation,"Xu Han, Hao Zhu, Pengfei Yu, Ziyun Wang, Yuan Yao, Zhiyuan Liu and Maosong Sun"
"Area A from Area F (Discourse, Dialog, Summarization, Generation, Multimodal NLP) [LONG]",575,A Deterministic Algorithm for Bridging Anaphora Resolution,Yufang Hou
Area B (Text Mining and Information Retrieval) [LONG],689,Speed Reading: Learning to Read ForBackward via Shuttle,Tsu-Jui Fu and Wei-Yun Ma
Area B (Text Mining and Information Retrieval) [LONG],1598,NPRF: A Neural Pseudo Relevance Feedback Framework for Ad-hoc Information Retrieval,"Canjia Li, Yingfei Sun, Ben He, Le Wang, Kai Hui, Andrew Yates, Le Sun and Jungang Xu"
Area B (Text Mining and Information Retrieval) [LONG],1691,Co-Stack Residual Affinity Networks with Multi-level Attention Refinement for Matching Text Sequences,"Yi Tay, Anh Tuan Luu and Siu Cheung Hui"
Area B (Text Mining and Information Retrieval) [LONG],1869,Learning Universal Sentence Representations with Mean-Max Attention Autoencoder,"Minghua Zhang, Yunfang Wu, Weikang Li and Wei Li"
Area B (Text Mining and Information Retrieval) [LONG],707,Multilingual Clustering of Streaming News,"Sebastião Miranda, Arturs Znotins, Shay B. Cohen and Guntis Barzdins"
Area B (Text Mining and Information Retrieval) [LONG],744,Multi-Task Label Embedding for Text Classification,"Honglun Zhang, Liqiang Xiao, Wenqing Chen, Yongkun Wang and Yaohui Jin"
Area B (Text Mining and Information Retrieval) [LONG],1235,Semantic-Unit-Based Dilated Convolution for Multi-Label Text Classification,"Junyang Lin, Qi Su, Pengcheng Yang, Shuming Ma and Xu SUN"
Area B (Text Mining and Information Retrieval) [LONG],1512,MCapsNet: Capsule Network for Text with Multi-Task Learning,"Liqiang Xiao, Honglun Zhang, Wenqing Chen, Yongkun Wang and Yaohui Jin"
Area B (Text Mining and Information Retrieval) [LONG],1738,Uncertainty-aware generative models for inferring document class prevalence,Katherine Keith and Brendan O'Connor
Area B (Text Mining and Information Retrieval) [LONG],912,Siamese Network-Based Supervised Topic Modeling,"Minghui Huang, Yanghui Rao, Yuwei Liu, Haoran Xie and Fu Lee Wang"
Area B (Text Mining and Information Retrieval) [LONG],1877,GraphBTM: Graph Enhanced Autoencoded Variational Inference forBiterm Topic Model,"Qile Zhu, Zheng Feng and Xiaolin Li"
Area B (Text Mining and Information Retrieval) [LONG],1104,A Knowledge Hunting Framework for Common Sense Reasoning,"Ali Emami, Noelia De La Cruz, Adam Trischler, Kaheer Suleman and Jackie Chi Kit Cheung"
Area B (Text Mining and Information Retrieval) [LONG],2140,Syntax Encoding with Application in Authorship Attribution,"Richong Zhang, Zhiyuan Hu, Hongyu GUO and Yongyi Mao"
Area B (Text Mining and Information Retrieval) [LONG],481,Content Explorer: Recommending Novel Entities for a Document Writer,Michal Lukasik and Richard Zens
Area B (Text Mining and Information Retrieval) [LONG],1071,Thread Popularity Prediction and Tracking with a Permutation-invariant Model,Hou Pong Chan and Irwin King
Area B (Text Mining and Information Retrieval) [LONG],846,An Interpretable Neural Network with Topical Information for Relevant Emotion Ranking,"Yang Yang, Deyu ZHOU and Yulan He"
Area B (Text Mining and Information Retrieval) [LONG],207,Keyphrase Generation with Correlation Constraints,"Jun Chen, Xiaoming Zhang, Yu Wu, Zhao Yan and Zhoujun Li"
Area B (Text Mining and Information Retrieval) [LONG],1362,Semi-Supervised Learning for Neural Keyphrase Generation,Hai Ye and Lu Wang
Area B (Text Mining and Information Retrieval) [LONG],245,Zero-shot User Intent Detection via Capsule Neural Networks,"Congying Xia, Chenwei Zhang, Xiaohui Yan, Yi Chang and Philip Yu"
Area B (Text Mining and Information Retrieval) [LONG],265,Hierarchical Neural Networks for Sequential Sentence Classification in Medical Scientific Abstracts,Di Jin and Peter Szolovits
Area B (Text Mining and Information Retrieval) [LONG],291,Investigating Capsule Networks with Dynamic Routing for Text Classification,"Min Yang, Wei Zhao, Jianbo Ye, Zeyang Lei, Zhou Zhao and Soufei Zhang"
Area B (Text Mining and Information Retrieval) [LONG],330,Topic Memory Networks for Short Text Classification,"Jichuan Zeng, Jing Li, Yan Song, Cuiyun Gao, Michael R. Lyu and Irwin King"
Area B (Text Mining and Information Retrieval) [LONG],342,Few-Shot and Zero-Shot Multi-Label Learning for Structured Label Spaces,Anthony Rios and Ramakanth Kavuluru
Area B (Text Mining and Information Retrieval) [LONG],190,Improved Semantic-Aware Network Embedding with Fine-Grained Word Alignment,"Dinghan Shen, Xinyuan Zhang, Ricardo Henao and Lawrence Carin"
Area B (Text Mining and Information Retrieval) [LONG],1186,Deep Relevance Ranking using Enhanced Document-Query Interactions,"Ryan McDonald, George Brokos and Ion Androutsopoulos"
Area B (Text Mining and Information Retrieval) [LONG],1586,Learning Neural Embeddings for CLIR with Adversarial Framework,Bo Li and Ping Cheng
Area B (Text Mining and Information Retrieval) [LONG],1659,AD3: Attentive Deep Document Dater,"Swayambhu Nath Ray, SHIB SANKAR DASGUPTA and Partha Talukdar"
Area B (Text Mining and Information Retrieval) [LONG],1268,Deep Attentive Sentence Ordering Network,"Baiyun Cui, Yingming Li, Ming Chen and Zhongfei Zhang"
Area B (Text Mining and Information Retrieval) [LONG],1324,Adapting the Neural Encoder-Decoder Framework from Single to Multi-Document Summarization,"Logan Lebanoff, Kaiqiang Song and Fei Liu"
Area B (Text Mining and Information Retrieval) [LONG],1691,Co-Stack Residual Affinity Networks with Multi-level Attention Refinement for Matching Text Sequences,"Yi Tay, Anh Tuan Luu and Siu Cheung Hui"
Area B (Text Mining and Information Retrieval) [LONG],744,Multi-Task Label Embedding for Text Classification,"Honglun Zhang, Liqiang Xiao, Wenqing Chen, Yongkun Wang and Yaohui Jin"
Area B (Text Mining and Information Retrieval) [LONG],2264,Deep Exhaustive Model for Nested Named Entity Recognition,Mohammad Golam Sohrab and Makoto Miwa
Area B (Text Mining and Information Retrieval) [LONG],1270,A strong baseline for question relevancy ranking,"Ana Valeria Gonzalez-Garduño, Isabelle Augenstein and Anders Søgaard"
Area B (Text Mining and Information Retrieval) [LONG],794,Improving Author Attribute Prediction by Retrofitting Linguistic Representations with Homophily,Dirk Hovy and Tommaso Fornaciari
Area B (Text Mining and Information Retrieval) [LONG],747,Self-Governing Neural Networks for On-Device Short Text Classification,Sujith Ravi and Zornitsa Kozareva
Area B (Text Mining and Information Retrieval) [LONG],2236,Supervised Domain Enablement Attention for Personalized Domain Classification,Joo-Kyung Kim and Young-Bum Kim
Area B (Text Mining and Information Retrieval) [LONG],1039,A Deep Neural Network Sentence Level Classification Method with Context Information,"Xingyi Song, Johann Petrak and Angus Roberts"
Area B (Text Mining and Information Retrieval) [LONG],16,Identifying Well-formed Natural Language Questions,Manaal Faruqui and Dipanjan Das
Area B (Text Mining and Information Retrieval) [LONG],1726,Supervised and Unsupervised Methods for Robust Separation of Section Titles and Prose Text in Web Documents,"Abhijith Athreya Mysore Gopinath, Shomir Wilson and Norman Sadeh"
Area B (Text Mining and Information Retrieval) [LONG],1549,Topic Intrusion for Automatic Topic Model Evaluation,"Shraey Bhatia, Jey Han Lau and Timothy Baldwin"
Area B (Text Mining and Information Retrieval) [LONG],1095,A Hierarchical Neural Attention-based Text Classifier,"Koustuv Sinha, Yue Dong, Jackie Chi Kit Cheung and Derek Ruths"
"Area C (Social Media, Computational Social Science, Sentiment,  Opinion) [LONG]",701,WECA：A WordNet-Encoded Collocation-Attention Network for Homographic Pun Recognition,"Yufeng Diao, Hongfei Lin, Di Wu, Liang Yang, Kan Xu, Zhihao Yang, Jian Wang, Shaowu Zhang, Bo Xu and Dongyu Zhang"
"Area C (Social Media, Computational Social Science, Sentiment,  Opinion) [LONG]",622,Part-of-Speech Tagging for Twitter by Different Expression Styles,"Tao Gui, Qi Zhang, Jingjing Gong, Minlong Peng, di liang, Keyu Ding and Xuanjing Huang"
"Area C (Social Media, Computational Social Science, Sentiment,  Opinion) [LONG]",1554,Causal Explanation Analysis on Social Media,"Youngseo Son, Nipun Bayas and H. Andrew Schwartz"
"Area C (Social Media, Computational Social Science, Sentiment,  Opinion) [LONG]",113,LRMM: Learning to Recommend with Missing Modality,"Cheng Wang, Mathias Niepert and Hui Li"
"Area C (Social Media, Computational Social Science, Sentiment,  Opinion) [LONG]",624,A Genre-Aware Attention Model to Improve Likability Prediction of Books,"Suraj Maharjan, Manuel Montes, Fabio A. González and Thamar Solorio"
"Area C (Social Media, Computational Social Science, Sentiment,  Opinion) [LONG]",461,Modeling Inter-Aspect Relation in Aspect-Based Sentiment Analysis,"Navonil Majumder, Soujanya Poria, Alexander Gelbukh, Md Shad Akhtar, Erik Cambria and Asif Ekbal"
"Area C (Social Media, Computational Social Science, Sentiment,  Opinion) [LONG]",692,Limbic: Author-Based Sentiment Aspect Modeling Regularized with Word Embeddings and Discourse Relations,Zhe Zhang and Munindar Singh
"Area C (Social Media, Computational Social Science, Sentiment,  Opinion) [LONG]",1068,Multi-grained Attention Network for Aspect-Level Sentiment Classification,"Feifan Fan, Yansong Feng and Dongyan Zhao"
"Area C (Social Media, Computational Social Science, Sentiment,  Opinion) [LONG]",1651,Attentive Gated Lexicon Reader with Contrastive Contextual Co-Attention for Sentiment Classification,"Yi Tay, Anh Tuan Luu, Siu Cheung Hui and Jian Su"
"Area C (Social Media, Computational Social Science, Sentiment,  Opinion) [LONG]",1848,Adaptive Semi-supervised Learning for Cross-domain Sentiment Classification,"Ruidan He, Wee Sun Lee, Hwee Tou Ng and Daniel Dahlmeier"
"Area C (Social Media, Computational Social Science, Sentiment,  Opinion) [LONG]",2071,ExtRA: Extracting Prominent Review Aspects from Customer Feedback,"Zhiyi Luo, Shanshan Huang, Frank F. Xu, Bill Yuchen Lin, Hanyuan Shi and Kenny Zhu"
"Area C (Social Media, Computational Social Science, Sentiment,  Opinion) [LONG]",647,Cross-Lingual Cross-Platform Rumor Verification Pivoting on Multimedia Content,"Weiming Wen, Songwen Su and Zhou Yu"
"Area C (Social Media, Computational Social Science, Sentiment,  Opinion) [LONG]",960,Extractive Adversarial Networks: High-Recall Explanations for Identifying Personal Attacks in Social Media Posts,"Samuel Carton, Qiaozhu Mei and Paul Resnick"
"Area C (Social Media, Computational Social Science, Sentiment,  Opinion) [LONG]",1340,Automatic Detection of Vague Words and Sentences in Privacy Policies,Logan Lebanoff and Fei Liu
"Area C (Social Media, Computational Social Science, Sentiment,  Opinion) [LONG]",1477,Multi-view Models for Political Ideology Detection of News Articles,"Vivek Kulkarni, Junting Ye, Steve Skiena and William Yang Wang"
"Area C (Social Media, Computational Social Science, Sentiment,  Opinion) [LONG]",1694,Predicting Factuality of Reporting and Bias of News Media Sources,"Ramy Baly, Georgi Karadzhov, Dimitar Alexandrov, James Glass and Preslav Nakov"
"Area C (Social Media, Computational Social Science, Sentiment,  Opinion) [LONG]",1911,Legal Judgment Prediction via Topological Learning,"Haoxi Zhong, Guo Zhipeng, Cunchao Tu, Chaojun Xiao, Zhiyuan Liu and Maosong Sun"
"Area C (Social Media, Computational Social Science, Sentiment,  Opinion) [LONG]",2016,Hierarchical CVAE for Fine-Grained Hate Speech Classification,"Jing Qian, Mai ElSherief, Elizabeth Belding and William Yang Wang"
"Area C (Social Media, Computational Social Science, Sentiment,  Opinion) [LONG]",2107,Residualized Factor Adaptation for Community Social Media Prediction Tasks,"Mohammadzaman Zamani, H. Andrew Schwartz, Veronica Lynn, Salvatore Giorgi and Niranjan Balasubramanian"
"Area C (Social Media, Computational Social Science, Sentiment,  Opinion) [LONG]",2198,Framing and Agenda-Setting in Russian News: a Computational Analysis of Intricate Political Strategies,"Anjalie Field, Doron Kliger, Shuly Wintner, Jennifer Pan, Dan Jurafsky and Yulia Tsvetkov"
"Area C (Social Media, Computational Social Science, Sentiment,  Opinion) [LONG]",479,Identifying the narrative styles of YouTube’s vloggers,"Bennett Kleinberg, Maximilian Mozes and Isabelle van der Vegt"
"Area C (Social Media, Computational Social Science, Sentiment,  Opinion) [LONG]",136,Sentiment Classification towards Question-Answering with Hierarchical Matching Network,"Chenlin Shen, Changlong Sun, Jingjing Wang, Yangyang Kang, Shoushan Li, Xiaozhong Liu, Luo Si, Min Zhang and Guodong Zhou"
"Area C (Social Media, Computational Social Science, Sentiment,  Opinion) [LONG]",212,Cross-topic Argument Mining from Heterogeneous Sources,"Christian Stab, Tristan Miller, Benjamin Schiller, Pranav Rai and Iryna Gurevych"
"Area C (Social Media, Computational Social Science, Sentiment,  Opinion) [LONG]",335,Summarizing Opinions: Aspect Extraction Meets Sentiment Prediction and They Are Both Weakly Supervised,Stefanos Angelidis and Mirella Lapata
"Area C (Social Media, Computational Social Science, Sentiment,  Opinion) [LONG]",1305,CARER: Contextualized Affect Representations for Emotion Recognition,"Elvis Saravia, Hsien-Chi Toby Liu, Yen-Hao Huang, Junlin Wu and Yi-Shin Chen"
"Area C (Social Media, Computational Social Science, Sentiment,  Opinion) [LONG]",1413-TACL,Adversarial Deep Averaging Networks for Cross-Lingual Sentiment Classification,"Xilun Chen, Yu Sun, Ben Athiwaratkun, Claire Cardie, Kilian Weinberger"
"Area C (Social Media, Computational Social Science, Sentiment,  Opinion) [LONG]",523,Privacy-preserving Neural Representations of Text,"Maximin Coavoux, Shashi Narayan and Shay B. Cohen"
"Area C (Social Media, Computational Social Science, Sentiment,  Opinion) [LONG]",888,Adversarial Removal of Demographic Attributes from Text Data,Yanai Elazar and Yoav Goldberg
"Area C (Social Media, Computational Social Science, Sentiment,  Opinion) [LONG]",909,DeClarE: Debunking Fake News and False Claims using Evidence-Aware Deep Learning,"Kashyap Popat, Subhabrata Mukherjee, Andrew Yates and Gerhard Weikum"
"Area C (Social Media, Computational Social Science, Sentiment,  Opinion) [LONG]",1879,Its going to be okay: Measuring Access to Support in Online Communities,Zijian Wang and David Jurgens
"Area C (Social Media, Computational Social Science, Sentiment,  Opinion) [LONG]",1903,Detecting Gang-Involved Escalation on Social Media Using Context,"Serina Chang, Ruiqi Zhong, Ethan Adams, Fei-Tzin Lee, Siddharth Varia, Chris Kedzie, Desmond Patton, William Frey and Kathy McKeown"
"Area C (Social Media, Computational Social Science, Sentiment,  Opinion) [LONG]",63,"Making ""fetch"" happen: The influence of social and linguistic context on nonstandard word growth and decline",Ian Stewart and Jacob Eisenstein
"Area C (Social Media, Computational Social Science, Sentiment,  Opinion) [LONG]",2160,Why Swear? Analyzing and Inferring the Intentions of Vulgar Expressions,"Eric Holgate, Isabel Cachola, Daniel Preoţiuc-Pietro and Junyi Jessy Li"
"Area C (Social Media, Computational Social Science, Sentiment,  Opinion) [LONG]",1340,Automatic Detection of Vague Words and Sentences in Privacy Policies,Logan Lebanoff and Fei Liu
"Area C (Social Media, Computational Social Science, Sentiment,  Opinion) [LONG]",2016,Hierarchical CVAE for Fine-Grained Hate Speech Classification,"Jing Qian, Mai ElSherief, Elizabeth Belding and William Yang Wang"
"Area C (Social Media, Computational Social Science, Sentiment,  Opinion) [LONG]",113,LRMM: Learning to Recommend with Missing Modality,"Cheng Wang, Mathias Niepert and Hui Li"
"Area C (Social Media, Computational Social Science, Sentiment,  Opinion) [LONG]",1664,Joint Learning for Targeted Sentiment Analysis,"Dehong Ma, Sujian Li and Houfeng WANG"
"Area C (Social Media, Computational Social Science, Sentiment,  Opinion) [LONG]",2092,Revisiting the Importance of Encoding Logic Rules in Sentiment Classification,"Kalpesh Krishna, Preethi Jyothi and Mohit Iyyer"
"Area C (Social Media, Computational Social Science, Sentiment,  Opinion) [LONG]",1622,A Co-attention Neural Network Model for Emotion Cause Analysis with Emotional Context Awareness,"Xiangju Li, Kaisong Song, Shi Feng, Daling Wang and Yifei Zhang"
"Area C (Social Media, Computational Social Science, Sentiment,  Opinion) [LONG]",1217,Modeling Empathy and Distress in Reaction to News Stories,"Sven Buechel, Anneke Buffone, Barry Slaff, Lyle Ungar and Joao Sedoc"
"Area C (Social Media, Computational Social Science, Sentiment,  Opinion) [LONG]",1497,Interpretable Emoji Prediction via Multi-Attention LSTMs,"Francesco Barbieri, Luis Espinosa Anke, Jose Camacho-Collados, Steven Schockaert and Horacio Saggion"
"Area C (Social Media, Computational Social Science, Sentiment,  Opinion) [LONG]",977,Joint Learning for Emotion Classification and Emotion Cause Detection,"Ying Chen, Wenjun Hou and Xiyao Cheng"
"Area C (Social Media, Computational Social Science, Sentiment,  Opinion) [LONG]",2240,Exploring Optimism and Pessimism in Twitter Using Deep Learning,"Cornelia Caragea, Liviu P. Dinu and Bogdan Dumitru"
"Area C (Social Media, Computational Social Science, Sentiment,  Opinion) [LONG]",468,Hybrid Neural Attention for Agreement/Disagreement Inference in Online Debates,"Di Chen, Jiachen Du, Lidong Bing and Ruifeng Xu"
"Area C (Social Media, Computational Social Science, Sentiment,  Opinion) [LONG]",1733,The glass ceiling in NLP,Natalie Schluter
"Area C (Social Media, Computational Social Science, Sentiment,  Opinion) [LONG]",539,Learning multiview embeddings for assessing dementia,Chloé Pou-Prom and Frank Rudzicz
"Area C (Social Media, Computational Social Science, Sentiment,  Opinion) [LONG]",66,SafeCity: Understanding Diverse Forms of Sexual Harassment Personal Stories,Sweta Karlekar and Mohit Bansal
"Area C (Social Media, Computational Social Science, Sentiment,  Opinion) [LONG]",604,Reducing Gender Bias in Abusive Language Detection,"Ji Ho Park, Jamin Shin and Pascale Fung"
"Area D (Morphology, Syntax, Chunking, Psycholinguistics) [LONG]",1199-TACL,In-Order Transition-based Constituent Parsing,Jiangming Liu and Yue Zhang
"Area D (Morphology, Syntax, Chunking, Psycholinguistics) [LONG]",1425-TACL,Surface Statistics of an Unknown Language Indicate How to Parse It,Dingquan Wang and Jason Eisner
"Area D (Morphology, Syntax, Chunking, Psycholinguistics) [LONG]",1446-TACL,Universal Word Segmentation: Implementation and Interpretation,"Yan Shao, Christian Hardmeier, Joakim Nivre"
"Area D (Morphology, Syntax, Chunking, Psycholinguistics) [LONG]",709,Direct Output Connection for a High-Rank Language Model,"Sho Takase, Jun Suzuki and Masaaki Nagata"
"Area D (Morphology, Syntax, Chunking, Psycholinguistics) [LONG]",928,A Hybrid Approach to Automatic Corpus Generation for Chinese Spelling Check,"Dingmin Wang, Yan Song, Jing Li, Jialong Han and Haisong Zhang"
"Area D (Morphology, Syntax, Chunking, Psycholinguistics) [LONG]",2076,Neural Quality Estimation of Grammatical Error Correction,Shamil Chollampatt and Hwee Tou Ng
"Area D (Morphology, Syntax, Chunking, Psycholinguistics) [LONG]",82,Neural Transductive Learning and Beyond: Morphological Generation in the Minimal-Resource Setting,Katharina Kann and Hinrich Schütze
"Area D (Morphology, Syntax, Chunking, Psycholinguistics) [LONG]",1080,Free as in Free Word Order: An Energy Based Model for Word Segmentation and Morphological Tagging in Sanskrit,"Amrith Krishna, Bishal Santra, Sasi Prasanth Bandaru, Gaurav Sahu, Vishnu Dutt Sharma, Pavankumar Satuluri and Pawan Goyal"
"Area D (Morphology, Syntax, Chunking, Psycholinguistics) [LONG]",1237,What do character-level models learn about morphology? The case of dependency parsing,"Clara Vania, Andreas Grivas and Adam Lopez"
"Area D (Morphology, Syntax, Chunking, Psycholinguistics) [LONG]",2208,Learning Better Internal Structure of Words for Sequence Labeling,"Yingwei Xin, Ethan Hart, Vibhuti Mahajan and Jean David Ruvini"
"Area D (Morphology, Syntax, Chunking, Psycholinguistics) [LONG]",225,Deconvolutional time series regression: A technique for modeling temporally diffuse effects,Cory Shain and William Schuler
"Area D (Morphology, Syntax, Chunking, Psycholinguistics) [LONG]",525,Is this Sentence Difficult? Do you Agree?,"Dominique Brunato, Lorenzo De Mattei, Felice Dell'Orletta, Benedetta Iavarone and Giulia Venturi"
"Area D (Morphology, Syntax, Chunking, Psycholinguistics) [LONG]",102,Neural Transition Based Parsing of Web Queries: An Entity Based Approach,Rivka Malca and Roi Reichart
"Area D (Morphology, Syntax, Chunking, Psycholinguistics) [LONG]",473,"An Investigation of the Interactions Between Pre-Trained Word Embeddings, Character Models and POS Tags in Dependency Parsing","Aaron Smith, Miryam de Lhoneux, Sara Stymne and Joakim Nivre"
"Area D (Morphology, Syntax, Chunking, Psycholinguistics) [LONG]",1611,Depth-bounding is effective: Improvements and Evaluation of Unsupervised PCFG Induction,"Lifeng Jin, Finale Doshi-Velez, Timothy Miller, William Schuler and Lane Schwartz"
"Area D (Morphology, Syntax, Chunking, Psycholinguistics) [LONG]",1745,Incremental Computation of Infix Probabilities for Probabilistic Finite Automata,"Marco Cognetta, Yo-Sub Han and Soon Chan Kwon"
"Area D (Morphology, Syntax, Chunking, Psycholinguistics) [LONG]",42,Sanskrit Word Segmentation Using Character-level Recurrent and Convolutional Neural Networks,Oliver Hellwig and Sebastian Nehrdich
"Area D (Morphology, Syntax, Chunking, Psycholinguistics) [LONG]",1596,Neural Ranking Models for Temporal Dependency Structure Parsing,Yuchen Zhang and Nianwen Xue
"Area D (Morphology, Syntax, Chunking, Psycholinguistics) [LONG]",862,Native Language Identification with User Generated Content,"Gili Goldin, Ella Rabinovich and Shuly Wintner"
"Area D (Morphology, Syntax, Chunking, Psycholinguistics) [LONG]",1846,Variational Sequential Labelers for Semi-Supervised Sequence Labeling,"Mingda Chen, Qingming Tang, Karen Livescu and Kevin Gimpel"
"Area D (Morphology, Syntax, Chunking, Psycholinguistics) [LONG]",357,Analyzing Correlated Evolution of Multiple Features Using Latent Representations,Yugo Murawaki
"Area D (Morphology, Syntax, Chunking, Psycholinguistics) [LONG]",217,Valency-Augmented Dependency Parsing,Tianze Shi and Lillian Lee
"Area D (Morphology, Syntax, Chunking, Psycholinguistics) [LONG]",336,Unsupervised Learning of Syntactic Structure with Invertible Neural Projections,"Junxian He, Graham Neubig and Taylor Berg-Kirkpatrick"
"Area D (Morphology, Syntax, Chunking, Psycholinguistics) [LONG]",791,Dynamic Oracles for Top-Down and In-Order Shift-Reduce Constituent Parsing,Daniel Fernández-González and Carlos Gómez-Rodríguez
"Area D (Morphology, Syntax, Chunking, Psycholinguistics) [LONG]",1147,Constituent Parsing as Sequence Labeling,Carlos Gómez-Rodríguez and David Vilares
"Area D (Morphology, Syntax, Chunking, Psycholinguistics) [LONG]",2217,Synthetic Data Made to Order: The Case of Parsing,Dingquan Wang and Jason Eisner
"Area D (Morphology, Syntax, Chunking, Psycholinguistics) [LONG]",82,Neural Transductive Learning and Beyond: Morphological Generation in the Minimal-Resource Setting,Katharina Kann and Hinrich Schütze
"Area D (Morphology, Syntax, Chunking, Psycholinguistics) [LONG]",538,Implicational Universals in Stochastic Constraint-Based Phonology,Giorgio Magri
"Area D (Morphology, Syntax, Chunking, Psycholinguistics) [LONG]",1533,Explaining Character-Aware Neural Networks for Word-Level Prediction: Do They Discover Linguistic Rules?,"Fréderic Godin, Kris Demuynck, Joni Dambre, Wesley De Neve and Thomas Demeester"
"Area D (Morphology, Syntax, Chunking, Psycholinguistics) [LONG]",1860,Adapting Word Embeddings to New Languages with Morphological and Phonological Subword Representations,"Aditi Chaudhary, Chunting Zhou, Lori Levin, Graham Neubig, David R. Mortensen and Jaime Carbonell"
"Area D (Morphology, Syntax, Chunking, Psycholinguistics) [LONG]",1420-TACL,Recurrent Neural Networks in Linguistic Theory: Revisiting Pinker and Prince (1988) and the Past Tense Debate,"Christo Kirov, Ryan Cotterell"
"Area D (Morphology, Syntax, Chunking, Psycholinguistics) [LONG]",1799,Targeted Syntactic Evaluation of Language Models,Rebecca Marvin and Tal Linzen
"Area D (Morphology, Syntax, Chunking, Psycholinguistics) [LONG]",928,A Hybrid Approach to Automatic Corpus Generation for Chinese Spelling Check,"Dingmin Wang, Yan Song, Jing Li, Jialong Han and Haisong Zhang"
"Area D (Morphology, Syntax, Chunking, Psycholinguistics) [LONG]",225,Deconvolutional time series regression: A technique for modeling temporally diffuse effects,Cory Shain and William Schuler
"Area D (Morphology, Syntax, Chunking, Psycholinguistics) [LONG]",990,Improved Dependency Parsing using Implicit Word Connections Learned from Unlabeled Data,"Wenhui Wang, Baobao Chang and Mairgup Mansur"
"Area D (Morphology, Syntax, Chunking, Psycholinguistics) [LONG]",774,A Framework for Understanding the Role of Morphology in Universal Dependency Parsing,Mathieu Dehouck and Pascal Denis
"Area D (Morphology, Syntax, Chunking, Psycholinguistics) [LONG]",1673,An Encoder-Decoder Approach to the Paradigm Cell Filling Problem,Miikka Silfverberg and Mans Hulden
"Area D (Morphology, Syntax, Chunking, Psycholinguistics) [LONG]",1161,Imitation Learning for Neural Morphological String Transduction,Peter Makarov and Simon Clematide
"Area D (Morphology, Syntax, Chunking, Psycholinguistics) [LONG]",1002,The Lazy Encoder: A Fine-Grained Analysis of the Role of Morphology in Neural Machine Translation,Arianna Bisazza and Clara Tump
"Area D (Morphology, Syntax, Chunking, Psycholinguistics) [LONG]",1376,Distant Supervision from Disparate Sources for Low-Resource Part-of-Speech Tagging,Barbara Plank and Željko Agić
"Area D (Morphology, Syntax, Chunking, Psycholinguistics) [LONG]",657,A Neural Model of Adaptation in Reading,Marten van Schijndel and Tal Linzen
"Area D (Morphology, Syntax, Chunking, Psycholinguistics) [LONG]",1369,Lexicosyntactic inference in neural models,"Aaron Steven White, Rachel Rudinger, Kyle Rawlins and Benjamin Van Durme"
Area E (Semantics) [LONG],1346-TACL,"Linear Algebraic Structure of Word Senses, with Applications to Polysemy","Sanjeev Arora, Yuanzhi Li, Yingyu Liang, Tengyu Ma, Andrej Risteski"
Area E (Semantics) [LONG],1050,Chargrid: Towards Understanding 2D Documents,"Anoop R Katti, Christian Reisswig, Cordula Guder, Sebastian Brarda, Steffen Bickel, Johannes Höhne and Jean Baptiste Faddoul"
Area E (Semantics) [LONG],1962,Language Modeling with Sparse Product of Sememe Experts,"Yihong Gu, Jun Yan, Hao Zhu, Zhiyuan Liu, Ruobing Xie, Maosong Sun, Fen Lin and Leyu Lin"
Area E (Semantics) [LONG],179,Card-660: A Reliable Evaluation Framework for Rare Word Representation Models,"Mohammad Taher Pilehvar, Dimitri Kartsaklis, Victor Prokhorov and Nigel Collier"
Area E (Semantics) [LONG],244,Leveraging Gloss Knowledge in Neural Word Sense Disambiguation by Hierarchical Co-Attention,"Fuli Luo, Tianyu Liu, Zexue He, Qiaolin Xia, Zhifang Sui and Baobao Chang"
Area E (Semantics) [LONG],741,Weeding out Conventionalized Metaphors: A Corpus of Novel Metaphor Annotations,"Erik-Lân Do Dinh, Hannah Wieland and Iryna Gurevych"
Area E (Semantics) [LONG],769,Streaming word similarity mining on the cheap,Olof Görnerup and Daniel Gillblad
Area E (Semantics) [LONG],819,"Memory, Show the Way: Memory Based Few Shot Word Representation Learning","Jingyuan Sun, Shaonan Wang and Chengqing Zong"
Area E (Semantics) [LONG],983,Disambiguated skip-gram model,Karol Grzegorczyk and Marcin Kurdziel
Area E (Semantics) [LONG],1037,Picking Apart Story Salads,"Su Wang, Eric Holgate, Greg Durrett and Katrin Erk"
Area E (Semantics) [LONG],1175,Context-Attentive Embeddings for Improved Sentence Representations,"Douwe Kiela, Changhan Wang and Kyunghyun Cho"
Area E (Semantics) [LONG],1470,Transfer and Multi-Task Learning for Noun–Noun Compound Interpretation,"Murhaf Fares, Stephan Oepen and Erik Velldal"
Area E (Semantics) [LONG],1472,Dissecting Contextual Word Embeddings: Architecture and Representation,"Matthew Peters, Mark Neumann, Luke Zettlemoyer and Wen-tau Yih"
Area E (Semantics) [LONG],1790,Preposition Sense Disambiguation and Representation,"Hongyu Gong, Jiaqi Mu, Suma Bhat and pramod viswanath"
Area E (Semantics) [LONG],1870,Auto-Encoding Dictionary Definitions into Consistent Word Embeddings,Tom Bosc and Pascal Vincent
Area E (Semantics) [LONG],2221,Spot the Odd Man Out: Exploring the Associative Power of Lexical Resources,Gabriel Stanovsky and Mark Hopkins
Area E (Semantics) [LONG],682,Neural Multitask Learning for Simile Recognition,"Lizhen Liu, Xiao Hu, Wei Song, Ruiji Fu, Ting Liu and Guoping Hu"
Area E (Semantics) [LONG],911,Structured Alignment Networks for Matching Sentences,"Yang Liu, Matt Gardner and Mirella Lapata"
Area E (Semantics) [LONG],1669,"Compare, Compress and Propagate: Enhancing Neural Architectures with Alignment Factorization for Natural Language Inference","Yi Tay, Anh Tuan Luu and Siu Cheung Hui"
Area E (Semantics) [LONG],1821,Convolutional Interaction Network for Natural Language Inference,"Jingjing Gong, Xipeng Qiu, Xinchi Chen, Dong Liang and Xuanjing Huang"
Area E (Semantics) [LONG],1837,Lessons from Natural Language Inference in the Clinical Domain,Alexey Romanov and Chaitanya Shivade
Area E (Semantics) [LONG],264,Question Generation from SQL Queries Improves Neural Semantic Parsing,"Daya Guo, Yibo Sun, Duyu Tang, Nan Duan, Jian Yin, Hong Chi, James Cao, Peng Chen and Ming Zhou"
Area E (Semantics) [LONG],829,Decoupling Structure and Lexicon for Zero-Shot Semantic Parsing,Jonathan Herzig and Jonathan Berant
Area E (Semantics) [LONG],1052,A Span Selection Model for Semantic Role Labeling,"Hiroki Ouchi, Hiroyuki Shindo and Yuji Matsumoto"
Area E (Semantics) [LONG],1100,Mapping Language to Code in Programmatic Context,"Srinivasan Iyer, Ioannis Konstas, Alvin Cheung and Luke Zettlemoyer"
Area E (Semantics) [LONG],1261,SyntaxSQLNet: Syntax Tree Networks for Complex and Cross Domain Text-to-SQL Task,"Tao Yu, Michihiro Yasunaga, Kai Yang, Rui Zhang, Dongxu Wang, Zifan Li and Dragomir Radev"
Area E (Semantics) [LONG],1262,Spider: A Large-Scale Complex Human-Labeled SQL Corpus for Semantic Parsing and Text-to-SQL Generation,"Tao Yu, Rui Zhang, Kai Yang, Michihiro Yasunaga, Dongxu Wang, Zifan Li, James Ma, Irene Li, Qingning Yao, Shanelle Roman, Zilin Zhang and Dragomir Radev"
Area E (Semantics) [LONG],1699,Learning Semantic Parsers from Natural Language Supervision,"Igor Labutov, Bishan Yang and Tom Mitchell"
Area E (Semantics) [LONG],1766,DeepCx: A transition-based approach for shallow semantic parsing with complex constructional triggers,"Jesse Dunietz, Jaime Carbonell and Lori Levin"
Area E (Semantics) [LONG],1791,What It Takes to Achieve 100% Condition Accuracy on WikiSQL,"Semih Yavuz, Izzeddin Gur, Yu Su and Xifeng Yan"
Area E (Semantics) [LONG],2073,Better Transition-Based AMR Parsing with Refined Search Space,Zhijiang Guo and Wei Lu
Area E (Semantics) [LONG],2179,Dependency-based Hybrid Trees for Semantic Parsing,Zhanming Jie and Wei Lu
Area E (Semantics) [LONG],1751,Possessors Change Over Time: A Case Study with Artworks,Dhivya Chinnappa and Eduardo Blanco
Area E (Semantics) [LONG],470,A Computational Exploration of Exaggeration,"Enrica Troiano, Carlo Strapparava, Gözde Özbal and Serra Sinem Tekiroglu"
Area E (Semantics) [LONG],391,Learning Context-Aware Convolutional Filters for Text Processing,"Dinghan Shen, Martin Renqiang Min, Yitong Li and Lawrence Carin"
Area E (Semantics) [LONG],654,Heuristically Informed Unsupervised Idiom Usage Recognition,Changsheng Liu and Rebecca Hwa
Area E (Semantics) [LONG],835,Coming to Your Senses: on Controls and Evaluation Sets in Polysemy Research,"Haim Dubossarsky, Eitan Grossman and Daphna Weinshall"
Area E (Semantics) [LONG],1581,Predicting Semantic Relations using Global Graph Properties,Yuval Pinter and Jacob Eisenstein
Area E (Semantics) [LONG],1728,Learning Scalar Adjective Intensity from Paraphrases,"Anne Cocos, Veronica Wharton, Ellie Pavlick, Marianna Apidianaki and Chris Callison-Burch"
Area E (Semantics) [LONG],2009,Pointwise HSIC: A Linear-Time Kernelized Co-occurrence Norm for Sparse Linguistic Expressions,"Sho Yokoi, Sosuke Kobayashi, Kenji Fukumizu, Jun Suzuki and Kentaro Inui"
Area E (Semantics) [LONG],1128,A Unified Syntax-aware Framework for Semantic Role Labeling,"Zuchao Li, Shexia He, Jiaxun Cai, Zhuosheng Zhang and Hai Zhao"
Area E (Semantics) [LONG],1247,Semantics as a Foreign Language,Gabriel Stanovsky and Ido Dagan
Area E (Semantics) [LONG],1478,An AMR Aligner Tuned by Transition-based Parser,"Yijia Liu, Wanxiang Che, Bo Zheng, Bing Qin and Ting Liu"
Area E (Semantics) [LONG],1537,Linguistically-Informed Self-Attention for Semantic Role Labeling,"Emma Strubell, Patrick Verga, Daniel Andor, David Weiss and Andrew McCallum"
Area E (Semantics) [LONG],2214,Policy Shaping and Generalized Update Equations for Semantic Parsing from Denotations,"Dipendra Misra, Ming-Wei Chang, Xiaodong He and Wen-tau Yih"
Area E (Semantics) [LONG],1172,Process Paragraph Comprehension using World Knowledge,"Niket Tandon, Bhavana Dalvi, Joel Grus, Wen-tau Yih, Antoine Bosselut and Peter Clark"
Area E (Semantics) [LONG],1634,Textual Analogy Parsing: What's Shared and What's Compared among Analogous Facts,"Matthew Lamm, Arun Chaganty, Christopher D. Manning, Dan Jurafsky and Percy Liang"
Area E (Semantics) [LONG],2020,SWAG: A Large-Scale Adversarial Dataset for Grounded Commonsense Inference,"Rowan Zellers, Yonatan Bisk, Roy Schwartz and Yejin Choi"
Area E (Semantics) [LONG],2036,TwoWingOS: Claim Entailment with Precise Evidence via a Two-Wing Optimization Strategy,Wenpeng Yin and Dan Roth
Area E (Semantics) [LONG],652,A Word-Complexity Lexicon and A Neural Readability Ranking Model for Lexical Simplification,Mounica Maddela and Wei Xu
Area E (Semantics) [LONG],2060,Syntactic Scaffolds for Semantic Structures,"Swabha Swayamdipta, Sam Thomson, Kenton Lee, Luke Zettlemoyer, Chris Dyer and Noah A. Smith"
Area E (Semantics) [LONG],2103,Hierarchical Quantized Representations for Script Generation,"Noah Weber, Leena Shekhar, Niranjan Balasubramanian and Nate Chambers"
Area E (Semantics) [LONG],2250,Semantic Role Labeling for Learner Chinese: the Importance of Syntactic Parsing and the L2-L1 Parallel Data,"Zi Lin, Yuguang Duan, Yuanyuan Zhao, Weiwei Sun and Xiaojun Wan"
Area E (Semantics) [LONG],758,Phrase-level Self-Attention Networks for Universal Sentence Encoding,"Wei Wu, Houfeng WANG, Tianyu Liu and Shuming Ma"
Area E (Semantics) [LONG],2091,Quantifying Context Overlap for Training Word Embeddings,"Yimeng Zhuang, Jinghui Xie, Yinhe Zheng and Xuan Zhu"
Area E (Semantics) [LONG],203,Neural Latent Relational Analysis to Capture Lexical Semantic Relation,Koki Washio and Tsuneaki Kato
Area E (Semantics) [LONG],2267,Generalizing Word Embeddings using Bag of Subwords,"Jinman Zhao, Sidharth Mudgal and Yingyu Liang"
Area E (Semantics) [LONG],2075,Neural Metaphor Detection in Context,"Ge Gao, Eunsol Choi, Yejin Choi and Luke Zettlemoyer"
Area E (Semantics) [LONG],526,Exploiting Rich Syntactic Information for Semantic Parsing with Graph-to-Sequence Model,"Kun Xu, Lingfei Wu, Zhiguo Wang, Mo Yu, Liwei Chen and Vadim Sheinin"
Area E (Semantics) [LONG],1231,Retrieval-Based Neural Code Generation,"Shirley Anugrah Hayati, Raphael Olivier, Pravalika Avvaru, Pengcheng Yin, Anthony Tomasic and Graham Neubig"
Area E (Semantics) [LONG],103,Understanding Deep Learning Performance through an Examination of Test Set Difficulty: A Psychometric Case Study,"John Lalor, Hao Wu, Tsendsuren Munkhdalai and Hong Yu"
"Area F (Discourse, Dialog, Summarization, Generation, Multimodal NLP) [LONG]",1424-TACL,Polite Dialogue Generation Without Parallel Data,"Niu, Tong  and Bansal, Mohit"
"Area F (Discourse, Dialog, Summarization, Generation, Multimodal NLP) [LONG]",1465,Disfluency Detection using Auto-Correlational Neural Networks,"Paria Jamshid Lou, Peter Anderson and Mark Johnson"
"Area F (Discourse, Dialog, Summarization, Generation, Multimodal NLP) [LONG]",761,ICON: Interactive Conversational Memory Network for Multimodal Emotion Detection,"Devamanyu Hazarika, Soujanya Poria, Rada Mihalcea, Erik Cambria and Roger Zimmermann"
"Area F (Discourse, Dialog, Summarization, Generation, Multimodal NLP) [LONG]",978,Discriminative Learning of Open-Vocabulary Object Retrieval and Localization by Negative Phrase Augmentation,Ryota Hinami and Shin'ichi Satoh
"Area F (Discourse, Dialog, Summarization, Generation, Multimodal NLP) [LONG]",1257,A Probabilistic Model for Joint Learning of Word Embeddings from Texts and Images,"Melissa Ailem, Bowen Zhang, Aurélien Bellet, Pascal Denis and Fei Sha"
"Area F (Discourse, Dialog, Summarization, Generation, Multimodal NLP) [LONG]",1744,Grounding Semantic Roles in Images,Carina Silberer and Manfred Pinkal
"Area F (Discourse, Dialog, Summarization, Generation, Multimodal NLP) [LONG]",1822,Commonsense Action Explanation in Human-Agent Communication,"Shaohua Yang, Qiaozi Gao, sari sadiya and Joyce Chai"
"Area F (Discourse, Dialog, Summarization, Generation, Multimodal NLP) [LONG]",1928,Learning Personas from Dialogue with Attentive Memory Networks,"Eric Chu, Prashanth Vijayaraghavan and Deb Roy"
"Area F (Discourse, Dialog, Summarization, Generation, Multimodal NLP) [LONG]",1951,Grounding language acquisition by training semantic parsers using captioned videos,"Candace Ross, Andrei Barbu, Yevgeni Berzak, Battushig Myanganbayar and Boris Katz"
"Area F (Discourse, Dialog, Summarization, Generation, Multimodal NLP) [LONG]",1998,Translating Navigation Instructions in Natural Language to a High-Level Plan for Behavioral Robot Navigation,"Xiaoxue Zang, Ashwini Pokle, Marynel Vázquez, Kevin Chen, Juan Carlos Niebles, Alvaro Soto and Silvio Savarese"
"Area F (Discourse, Dialog, Summarization, Generation, Multimodal NLP) [LONG]",2067,Mapping Instructions to Actions in 3D Environments with Visual Goal Prediction,"Dipendra Misra, Andrew Bennett, Valts Blukis, Eyvind Niklasson, Max Shatkhin and Yoav Artzi"
"Area F (Discourse, Dialog, Summarization, Generation, Multimodal NLP) [LONG]",665,Building Context-aware Clause Representations for Situation Entity Type Classification,Zeyu Dai and Ruihong Huang
"Area F (Discourse, Dialog, Summarization, Generation, Multimodal NLP) [LONG]",1489,Investigating the Role of Argumentation in the Rhetorical Analysis of Scientific Publications with Neural Multi-Task Learning Models,"Anne Lauscher, Goran Glavaš, Simone Paolo Ponzetto and Kai Eckert"
"Area F (Discourse, Dialog, Summarization, Generation, Multimodal NLP) [LONG]",1824,"Text, Visual and Acoustic are Friends! A Multi-Modal Attention Framework for Utterance-Level Sentiment Prediction","Deepanway Ghosal, Md Shad Akhtar, Dushyant Chauhan, Soujanya Poria, Asif Ekbal and Pushpak Bhattacharyya"
"Area F (Discourse, Dialog, Summarization, Generation, Multimodal NLP) [LONG]",71,MultiWOZ - A Large-Scale Multi-Domain Wizard-of-Oz Dataset for Task-Oriented Dialogue Modelling,"Paweł Budzianowski, Tsung-Hsien Wen, Bo-Hsiang Tseng, Iñigo Casanueva, Stefan Ultes, Osman Ramadan and Milica Gasic"
"Area F (Discourse, Dialog, Summarization, Generation, Multimodal NLP) [LONG]",305,A Teacher-Student Framework for Maintainable Dialog Manager,"Weikang Wang, Jiajun Zhang, Han Zhang, Mei-Yuh Hwang, Chengqing Zong and Zhifei Li"
"Area F (Discourse, Dialog, Summarization, Generation, Multimodal NLP) [LONG]",1511,Discriminative Deep Dyna-Q: Robust Planning for Dialogue Policy Learning,"Shang-Yu Su, Xiujun Li, Jianfeng Gao, Jingjing Liu and Yun-Nung Chen"
"Area F (Discourse, Dialog, Summarization, Generation, Multimodal NLP) [LONG]",1572,A Self-Attentive Model with Gate Mechanism for Spoken Language Understanding,"Changliang Li, Liang Li and Ji Qi"
"Area F (Discourse, Dialog, Summarization, Generation, Multimodal NLP) [LONG]",1779,Learning End-to-End Goal-Oriented Dialog with Multiple Answers,"Janarthanan Rajendran, Jatin Ganhotra, Satinder Singh and Lazaros Polymenakos"
"Area F (Discourse, Dialog, Summarization, Generation, Multimodal NLP) [LONG]",2138,AirDialogue: An Environment for Goal-Oriented Dialogue Research,"Wei Wei, Quoc Le, Andrew Dai and Jia Li"
"Area F (Discourse, Dialog, Summarization, Generation, Multimodal NLP) [LONG]",377,Sentence Editing under Quantifiable Guidance,"Yi Liao, Lidong Bing, Piji Li, Shuming Shi, Wai Lam and Tong Zhang"
"Area F (Discourse, Dialog, Summarization, Generation, Multimodal NLP) [LONG]",413,Paraphrase Generation with Deep Reinforcement Learning,"Zichao Li, Xin Jiang, Lifeng Shang and Hang Li"
"Area F (Discourse, Dialog, Summarization, Generation, Multimodal NLP) [LONG]",447,Operation Guided Neural Networks for High Fidelity Data-To-Text Generation,"Feng Nie, Jinpeng Wang, Jin-Ge Yao, Rong Pan and Chin-Yew Lin"
"Area F (Discourse, Dialog, Summarization, Generation, Multimodal NLP) [LONG]",462,Generating Classical Chinese Poems via Conditional Variational Autoencoder and Adversarial Training,"Juntao Li, Yan Song, Haisong Zhang, Dongmin Chen, Shuming Shi, Dongyan Zhao and Rui Yan"
"Area F (Discourse, Dialog, Summarization, Generation, Multimodal NLP) [LONG]",1818,Diversity-Promoting GAN: A Cross-Entropy Based Generative Adversarial Network for Diversified Text Generation,"Jingjing Xu, Xuancheng Ren, Junyang Lin and Xu SUN"
"Area F (Discourse, Dialog, Summarization, Generation, Multimodal NLP) [LONG]",2039,Towards a Better Metric for Evaluating Question Generation Systems,Preksha Nema and Mitesh M. Khapra
"Area F (Discourse, Dialog, Summarization, Generation, Multimodal NLP) [LONG]",866,Stylistic Chinese Poetry Generation via Unsupervised Style Disentanglement,"Cheng Yang, Maosong Sun, Xiaoyuan Yi and Wenhao Li"
"Area F (Discourse, Dialog, Summarization, Generation, Multimodal NLP) [LONG]",1127,Generating More Interesting Responses in Neural Conversation Models with Distributional Constraints,"Ashutosh Baheti, Alan Ritter, Jiwei Li and Bill Dolan"
"Area F (Discourse, Dialog, Summarization, Generation, Multimodal NLP) [LONG]",1241,"Better Conversations by Modeling, Filtering, and Optimizing for Coherence and Diversity","Xinnuo Xu, Ondřej Dušek, Ioannis Konstas and Verena Rieser"
"Area F (Discourse, Dialog, Summarization, Generation, Multimodal NLP) [LONG]",229,Multimodal Differential Network for Visual Question Generation,"Badri Narayana Patro, Sandeep Kumar, Vinod Kumar Kurmi and Vinay Namboodiri"
"Area F (Discourse, Dialog, Summarization, Generation, Multimodal NLP) [LONG]",232,Entity-aware Image Caption Generation,"Di Lu, Spencer Whitehead, Lifu Huang, Heng Ji and Shih-Fu Chang"
"Area F (Discourse, Dialog, Summarization, Generation, Multimodal NLP) [LONG]",1900,Learning to Describe Differences Between Pairs of Similar Images,Harsh Jhamtani and Taylor Berg-Kirkpatrick
"Area F (Discourse, Dialog, Summarization, Generation, Multimodal NLP) [LONG]",2074,Object Hallucination in Image Captioning,"Anna Rohrbach, Lisa Anne Hendricks, Kaylee Burns, Trevor Darrell and Kate Saenko"
"Area F (Discourse, Dialog, Summarization, Generation, Multimodal NLP) [LONG]",206,Abstractive Text-Image Summarization based on Multi-Modal Attentional Hierarchical RNN,Jingqiang Chen and Hai Zhuge
"Area F (Discourse, Dialog, Summarization, Generation, Multimodal NLP) [LONG]",727,Improving Neural Abstractive Document Summarization with Structural Regularization,"Wei Li, Xinyan Xiao, Yajuan Lyu and Yuanzhuo Wang"
"Area F (Discourse, Dialog, Summarization, Generation, Multimodal NLP) [LONG]",950,Iterative Document Representation Learning Towards Summarization with Polishing,"Xiuying Chen, Shen Gao, Chongyang Tao, Yan Song, Dongyan Zhao and Rui Yan"
"Area F (Discourse, Dialog, Summarization, Generation, Multimodal NLP) [LONG]",1181,Bottom-Up Abstractive Summarization,"Sebastian Gehrmann, Yuntian Deng and Alexander Rush"
"Area F (Discourse, Dialog, Summarization, Generation, Multimodal NLP) [LONG]",1192,Controlling Length in Abstractive Summarization Using a Convolutional Neural Network,"Yizhu Liu, Zhiyi Luo and Kenny Zhu"
"Area F (Discourse, Dialog, Summarization, Generation, Multimodal NLP) [LONG]",1293,APRIL: Interactively Learning to Summarise by Combining Active Preference Learning and Reinforcement Learning,"Yang Gao, Christian M. Meyer and Iryna Gurevych"
"Area F (Discourse, Dialog, Summarization, Generation, Multimodal NLP) [LONG]",1324,Adapting the Neural Encoder-Decoder Framework from Single to Multi-Document Summarization,"Logan Lebanoff, Kaiqiang Song and Fei Liu"
"Area F (Discourse, Dialog, Summarization, Generation, Multimodal NLP) [LONG]",1482,MSMO: Multimodal Summarization with Multimodal Output,"Junnan Zhu, Haoran Li, Tianshang Liu, Yu Zhou, Jiajun Zhang and Chengqing Zong"
"Area F (Discourse, Dialog, Summarization, Generation, Multimodal NLP) [LONG]",1539,Frustratingly Easy Model Ensemble for Abstractive Summarization,Hayato Kobayashi
"Area F (Discourse, Dialog, Summarization, Generation, Multimodal NLP) [LONG]",1575,Automatic Pyramid Evaluation Exploiting EDU-based Extractive Reference Summaries,"Tsutomu Hirao, Hidetaka Kamigaito and Masaaki Nagata"
"Area F (Discourse, Dialog, Summarization, Generation, Multimodal NLP) [LONG]",1975,Learning to Encode Text as Human-Readable Summaries using Generative Adversarial Networks,Yaushian Wang and Hung-yi Lee
"Area F (Discourse, Dialog, Summarization, Generation, Multimodal NLP) [LONG]",2100,Playing 20 Question Game with Policy-Based Reinforcement Learning,"Huang Hu, Xianchao Wu, Bingfeng Luo, Chongyang Tao, Can Xu, wei wu and Zhan Chen"
"Area F (Discourse, Dialog, Summarization, Generation, Multimodal NLP) [LONG]",1411,Learning Latent Semantic Annotations for Grounding Natural Language to Structured Data,"Guanghui Qin, Jin-Ge Yao, Xuening Wang and Chin-Yew Lin"
"Area F (Discourse, Dialog, Summarization, Generation, Multimodal NLP) [LONG]",582,Using lexical alignment and referring ability to address data sparsity in situated dialog reference resolution,Todd Shore and Gabriel Skantze
"Area F (Discourse, Dialog, Summarization, Generation, Multimodal NLP) [LONG]",1652,Supervised Clustering of Questions into Intents for Dialog System Applications,"Iryna Haponchyk, Antonio Uva, Seunghak Yu, Olga Uryupina and Alessandro Moschitti"
"Area F (Discourse, Dialog, Summarization, Generation, Multimodal NLP) [LONG]",2005,Towards Exploiting Background Knowledge for Building Conversation Systems,"Nikita Moghe, Siddhartha Arora, Suman Banerjee and Mitesh M. Khapra"
"Area F (Discourse, Dialog, Summarization, Generation, Multimodal NLP) [LONG]",2300,Decoupling Strategy and Generation in Negotiation Dialogues,"He He, Derek Chen, Anusha Balakrishnan and Percy Liang"
"Area F (Discourse, Dialog, Summarization, Generation, Multimodal NLP) [LONG]",469,Neural Related Work Summarization with a Joint Context-driven Attention Mechanism,"Yongzhen Wang, Xiaozhong Liu and Zheng Gao"
"Area F (Discourse, Dialog, Summarization, Generation, Multimodal NLP) [LONG]",731,Improving Neural Abstractive Document Summarization with Explicit Information Selection Modeling,"Wei Li, Xinyan Xiao and Yajuan Lyu"
"Area F (Discourse, Dialog, Summarization, Generation, Multimodal NLP) [LONG]",1090,"Don't Give Me the Details, Just the Summary! Topic-Aware Convolutional Neural Networks for Extreme Summarization","Shashi Narayan, Shay B. Cohen and Mirella Lapata"
"Area F (Discourse, Dialog, Summarization, Generation, Multimodal NLP) [LONG]",1778,Improving Abstraction in Text Summarization,"Wojciech Kryściński, Romain Paulus, Caiming Xiong and Richard Socher"
"Area F (Discourse, Dialog, Summarization, Generation, Multimodal NLP) [LONG]",2164,Content Selection in Deep Learning Models of Summarization,"Chris Kedzie, Kathleen McKeown and Hal Daume III"
"Area F (Discourse, Dialog, Summarization, Generation, Multimodal NLP) [LONG]",300,Automatic Poetry Generation with Mutual Reinforcement Learning,"Xiaoyuan Yi, Maosong Sun, Ruoyu Li and Wenhao Li"
"Area F (Discourse, Dialog, Summarization, Generation, Multimodal NLP) [LONG]",366,Variational Autoregressive Decoder for Neural Response Generation,"Jiachen Du, Wenjie Li, Yulan He, Ruifeng Xu, Lidong Bing and Xuan Wang"
"Area F (Discourse, Dialog, Summarization, Generation, Multimodal NLP) [LONG]",1746,Integrating Transformer and Paraphrase Rules for Sentence Simplification,"Sanqiang Zhao, Rui Meng, Daqing He, Andi Saptono and Bambang Parmanto"
"Area F (Discourse, Dialog, Summarization, Generation, Multimodal NLP) [LONG]",2025,Learning Neural Templates for Text Generation,"Sam Wiseman, Alexander Rush and Stuart Shieber"
"Area F (Discourse, Dialog, Summarization, Generation, Multimodal NLP) [LONG]",2230,Multi-Reference Training with Pseudo-Reference Generation for Text Generation,"Renjie Zheng, Mingbo Ma and Liang Huang"
"Area F (Discourse, Dialog, Summarization, Generation, Multimodal NLP) [LONG]",907,A Skeleton-Based Model for Promoting Coherence Among Sentences in Narrative Story Generation,"Jingjing Xu, Xu SUN, Xuancheng Ren, Qi Zeng, Yi Zhang, Pengcheng Yang and Xiaoyan Cai"
"Area F (Discourse, Dialog, Summarization, Generation, Multimodal NLP) [LONG]",968,Nexus Network: Connecting the Preceding and the Following in Dialogue Generation,"Hui Su, Xiaoyu Shen, Wenjie Li, Dietrich Klakow and Gerhard Weikum"
"Area F (Discourse, Dialog, Summarization, Generation, Multimodal NLP) [LONG]",1138,A New Local Coherence Model for Text Quality Assessment,Mohsen Mesgar and Michael Strube
"Area F (Discourse, Dialog, Summarization, Generation, Multimodal NLP) [LONG]",1276,"Getting to ""Hearer-old"": Charting Referring Expressions Across Time","Ieva Staliunaite, Hannah Rohde, Bonnie Webber and Annie Louis"
"Area F (Discourse, Dialog, Summarization, Generation, Multimodal NLP) [LONG]",201,Associative Multichannel Autoencoder for Multimodal Word Representation,"Shaonan Wang, Jiajun Zhang and Chengqing Zong"
"Area F (Discourse, Dialog, Summarization, Generation, Multimodal NLP) [LONG]",836,simNet: Stepwise Image-Topic Merging Network for Generating Detailed and Comprehensive Image Captions,"Fenglin Liu, Xuancheng Ren, Xu SUN, Yuanxin LIU and Houfeng WANG"
"Area F (Discourse, Dialog, Summarization, Generation, Multimodal NLP) [LONG]",1792,Multimodal Language Analysis with Recurrent Multistage Fusion,"Paul Pu Liang, Ziyin Liu, AmirAli Bagher Zadeh and Louis-Philippe Morency"
"Area F (Discourse, Dialog, Summarization, Generation, Multimodal NLP) [LONG]",1845,Temporally Grounding Natural Sentence in Video,"Jingyuan Chen, Xinpeng Chen, Lin Ma, Zequn Jie and Tat-Seng Chua"
"Area F (Discourse, Dialog, Summarization, Generation, Multimodal NLP) [LONG]",247,Tell-and-Answer: Towards Explainable Visual Question Answering using Attributes and Captions,"Qing Li, Jianlong Fu, Dongfei Yu, Tao Mei and Jiebo Luo"
"Area F (Discourse, Dialog, Summarization, Generation, Multimodal NLP) [LONG]",1213,RecipeQA: A Challenge Dataset for Multimodal Comprehension of Cooking Recipes,"Semih Yagcioglu, Aykut Erdem, Erkut Erdem and Nazli Ikizler-Cinbis"
"Area F (Discourse, Dialog, Summarization, Generation, Multimodal NLP) [LONG]",1763,Localizing Moments in Video with Temporal Language,"Lisa Anne Hendricks, Bryan Russell, Eli Shechtman, Josef Sivic, Oliver Wang and Trevor Darrell"
"Area F (Discourse, Dialog, Summarization, Generation, Multimodal NLP) [LONG]",1322,BanditSum: Extractive Summarization as a Contextual Bandit,"Yue Dong, Yikang Shen, Eric Crawford, Herke van Hoof, Jackie Chi Kit Cheung and Aaron Courville"
"Area F (Discourse, Dialog, Summarization, Generation, Multimodal NLP) [LONG]",71,MultiWOZ - A Large-Scale Multi-Domain Wizard-of-Oz Dataset for Task-Oriented Dialogue Modelling,"Paweł Budzianowski, Tsung-Hsien Wen, Bo-Hsiang Tseng, Iñigo Casanueva, Stefan Ultes, Osman Ramadan and Milica Gasic"
"Area F (Discourse, Dialog, Summarization, Generation, Multimodal NLP) [LONG]",447,Operation Guided Neural Networks for High Fidelity Data-To-Text Generation,"Feng Nie, Jinpeng Wang, Jin-Ge Yao, Chin-Yew Lin and Rong Pan"
"Area F (Discourse, Dialog, Summarization, Generation, Multimodal NLP) [LONG]",1489,Investigating the Role of Argumentation in the Rhetorical Analysis of Scientific Publications with Neural Multi-Task Learning Models,"Anne Lauscher, Goran Glavaš, Simone Paolo Ponzetto and Kai Eckert"
"Area F (Discourse, Dialog, Summarization, Generation, Multimodal NLP) [LONG]",1928,Learning Personas from Dialogue with Attentive Memory Networks,"Eric Chu, Prashanth Vijayaraghavan and Deb Roy"
"Area F (Discourse, Dialog, Summarization, Generation, Multimodal NLP) [LONG]",1424-TACL,Polite Dialogue Generation Without Parallel Data,"Niu, Tong  and Bansal, Mohit"
"Area F (Discourse, Dialog, Summarization, Generation, Multimodal NLP) [LONG]",2004,Predicting News Headline Popularity with Syntactic and Semantic Knowledge Using Multi-Task Learning,"Sotiris Lamprinidis, Daniel Hardt and Dirk Hovy"
"Area F (Discourse, Dialog, Summarization, Generation, Multimodal NLP) [LONG]",1441,WikiConv: A Corpus of the Complete Conversational History of a Large Online Collaborative Community,"Yiqing Hua, Cristian Danescu-Niculescu-Mizil, Dario Taraborelli, Nithum Thain, Jeffery Sorensen and Lucas Dixon"
"Area F (Discourse, Dialog, Summarization, Generation, Multimodal NLP) [LONG]",553,SQL-to-Text Generation with Graph-to-Sequence Model,"Kun Xu, Lingfei Wu, Zhiguo Wang, Yansong Feng and Vadim Sheinin"
"Area F (Discourse, Dialog, Summarization, Generation, Multimodal NLP) [LONG]",739,Generating Syntactic Paraphrases,Emilie Colin and Claire Gardent
"Area F (Discourse, Dialog, Summarization, Generation, Multimodal NLP) [LONG]",1236,Session-level Language Modeling for Conversational Speech,"Wayne Xiong, Lingfeng Wu, Jun Zhang and Andreas Stolcke"
"Area F (Discourse, Dialog, Summarization, Generation, Multimodal NLP) [LONG]",867,Toward Less Generic Responses in Neural Conversation Models: A Statistical Re-weighting Method,"Yahui Liu, Wei Bi, Jun Gao, Xiaojiang Liu, Jian Yao and Shuming Shi"
"Area F (Discourse, Dialog, Summarization, Generation, Multimodal NLP) [LONG]",1309,Training Millions of Personalized Dialogue Agents,"Pierre-Emmanuel Mazare, Samuel Humeau, Martin Raison and Antoine Bordes"
"Area F (Discourse, Dialog, Summarization, Generation, Multimodal NLP) [LONG]",2226,Towards Universal Dialogue State Tracking,"Liliang Ren, Kaige Xie, Lu Chen and Kai Yu"
"Area F (Discourse, Dialog, Summarization, Generation, Multimodal NLP) [LONG]",1854,Task Oriented Parsing,"Sonal Gupta, Rushin Shah, Mrinal Mohit, Anuj Kumar and Mike Lewis"
"Area F (Discourse, Dialog, Summarization, Generation, Multimodal NLP) [LONG]",626,Conversational Decision Making Model for Predicting Kings Decision in the Annals of the Joseon Dynasty,JinYeong Bak and Alice Oh
"Area F (Discourse, Dialog, Summarization, Generation, Multimodal NLP) [LONG]",208,How agents see things: On visual representations in an emergent language game,Diane Bouchacourt and Marco Baroni
"Area F (Discourse, Dialog, Summarization, Generation, Multimodal NLP) [LONG]",2127,A Dataset for Telling the Stories of Social Media Videos,"Spandana Gella, Mike Lewis and Marcus Rohrbach"
"Area F (Discourse, Dialog, Summarization, Generation, Multimodal NLP) [LONG]",1099,Cascaded Mutual Modulation for Visual Reasoning,"Yiqun Yao, Jiaming Xu and Bo Xu"
"Area F (Discourse, Dialog, Summarization, Generation, Multimodal NLP) [LONG]",1858,Toward Fast and Accurate Neural Discourse Segmentation,Yizhong Wang and Sujian Li
Area G (Machine Translation and Multilinguality) [LONG],76,Joint Representation Learning of Cross-lingual Words and Entities via Attentive Distant Supervision,"Yixin Cao, Lei Hou, Juanzi Li, Zhiyuan Liu, Chengjiang Li, Xu Chen and Tiansi Dong"
Area G (Machine Translation and Multilinguality) [LONG],126,Deep Pivot-Based Modeling for Cross-language Cross-domain Transfer with Minimal Guidance,Yftah Ziser and Roi Reichart
Area G (Machine Translation and Multilinguality) [LONG],270,Multi-lingual Common Semantic Space Construction via Cluster-Consistent Word Embedding,"Lifu Huang, Kyunghyun Cho, Boliang Zhang, Heng Ji and Kevin Knight"
Area G (Machine Translation and Multilinguality) [LONG],344,Unsupervised Multilingual Word Embeddings,Xilun Chen and Claire Cardie
Area G (Machine Translation and Multilinguality) [LONG],517,Crosslingual Sense Embeddings in One Space,Ta Chung Chi and Yun-Nung Chen
Area G (Machine Translation and Multilinguality) [LONG],1036,Adversarial Propagation and Zero-Shot Cross-Lingual Transfer of Word Vector Specialization,"Edoardo Maria Ponti, Ivan Vulić, Goran Glavaš, Nikola Mrkšić and Anna Korhonen"
Area G (Machine Translation and Multilinguality) [LONG],1093,Improving Cross-Lingual Word Embeddings by Meeting in the Middle,"Yerai Doval, Jose Camacho-Collados, Luis Espinosa Anke and Steven Schockaert"
Area G (Machine Translation and Multilinguality) [LONG],1134,AtomicWikiEdits: A Multilingual Corpus of Wikipedia Edits for Modeling Language and Discourse,"Manaal Faruqui, Ellie Pavlick, Ian Tenney and Dipanjan Das"
Area G (Machine Translation and Multilinguality) [LONG],1301,On the Relation between Linguistic Typology and (Limitations of) Multilingual Language Modeling,"Daniela Gerz, Ivan Vulić, Edoardo Maria Ponti, Roi Reichart and Anna Korhonen"
Area G (Machine Translation and Multilinguality) [LONG],1439,"A Fast, Compact, Accurate Model for Language Identification of Codemixed Text","Yuan Zhang, Jason Riesa, Daniel Gillick, Anton Bakalov, Jason Baldridge and David Weiss"
Area G (Machine Translation and Multilinguality) [LONG],1502,Personalized Microblog Sentiment Classification via Adversarial Cross-lingual learning,"Weichao Wang, Shi Feng, Wei Gao, Daling Wang and Yifei Zhang"
Area G (Machine Translation and Multilinguality) [LONG],2115,Cross-lingual Knowledge Graph Alignment via Graph Convolutional Networks,"Zhichun Wang, Qingsong Lv, Xiaohan Lan and Yu Zhang"
Area G (Machine Translation and Multilinguality) [LONG],2122,Cross-lingual Lexical Sememe Prediction,"Fanchao Qi, Yankai Lin, Maosong Sun, Hao Zhu, Ruobing Xie and Zhiyuan Liu"
Area G (Machine Translation and Multilinguality) [LONG],2268,Neural Cross-lingual Named Entity Recognition with Minimal Resources,"Jiateng Xie, Zhilin Yang, Graham Neubig, Noah A. Smith and Jaime Carbonell"
Area G (Machine Translation and Multilinguality) [LONG],310,A Stable and Effective Learning Strategy for Trainable Greedy Decoding,"Yun Chen, Victor O.K. Li, Kyunghyun Cho and Samuel Bowman"
Area G (Machine Translation and Multilinguality) [LONG],349,Addressing Troublesome Words in Neural Machine Translation,"Yang Zhao, Jiajun Zhang, Zhongjun He, Chengqing Zong and Hua Wu"
Area G (Machine Translation and Multilinguality) [LONG],455,Unsupervised Statistical Machine Translation,"Mikel Artetxe, Gorka Labaka and Eneko Agirre"
Area G (Machine Translation and Multilinguality) [LONG],566,Top-down Tree Structured Decoding with Syntactic Connections for Neural Machine Translation and Parsing,"Jetic Gū, Hassan S. Shavarani and Anoop Sarkar"
Area G (Machine Translation and Multilinguality) [LONG],643,XL-NBT: A Cross-lingual Neural Belief Tracking Framework,"Wenhu Chen, Jianshu Chen, Yu Su, Xin Wang, Dong Yu, Xifeng Yan and William Yang Wang"
Area G (Machine Translation and Multilinguality) [LONG],683,Contextual Parameter Generation for Universal Neural Machine Translation,"Emmanouil Antonios Platanios, Mrinmaya Sachan, Graham Neubig and Tom Mitchell"
Area G (Machine Translation and Multilinguality) [LONG],1069,Back-Translation Sampling by Targeting Difficult Words in Neural Machine Translation,Marzieh Fadaee and Christof Monz
Area G (Machine Translation and Multilinguality) [LONG],1116,A Discriminative Latent-Variable Model for Bilingual Lexicon Induction,"Sebastian Ruder, Ryan Cotterell, Yova Kementchedjhieva and Anders Søgaard"
Area G (Machine Translation and Multilinguality) [LONG],1436,Non-Adversarial Unsupervised Word Translation,Yedid Hoshen and Lior Wolf
Area G (Machine Translation and Multilinguality) [LONG],1536,Semi-Autoregressive Neural Machine Translation,"Chunqi Wang, Ji Zhang and Haiqing Chen"
Area G (Machine Translation and Multilinguality) [LONG],1542,Understanding Back-Translation at Scale,"Sergey Edunov, Myle Ott, Michael Auli and David Grangier"
Area G (Machine Translation and Multilinguality) [LONG],1894,Bootstrapping Transliteration with Guided Discovery for Low-Resource Languages,"Shyam Upadhyay, Jordan Kodner and Dan Roth"
Area G (Machine Translation and Multilinguality) [LONG],1948,NORMA: Neighborhood Sensitive Maps for Multilingual Word Embeddings,Ndapa Nakashole
Area G (Machine Translation and Multilinguality) [LONG],1952,Adaptive Multi-pass Decoder for Neural Machine Translation with Reinforcement Learning,"Xinwei Geng, Xiaocheng Feng, Bing Qin and Ting Liu"
Area G (Machine Translation and Multilinguality) [LONG],2139,MTNT: A Testbed for Machine Translation of Noisy Text,Paul Michel and Graham Neubig
Area G (Machine Translation and Multilinguality) [LONG],670,SemRegex: A Semantics-Based Approach for Generating Regular Expressions from Natural Language Specifications,"Zexuan Zhong, Jiaqi Guo, Wei Yang, Jian Peng, Tao Xie, Jian-Guang Lou, Ting Liu and Dongmei Zhang"
Area G (Machine Translation and Multilinguality) [LONG],499,Beyond Error Propagation in Neural Machine Translation: Characteristics of Language Also Matter,"Xu Tan, Lijun Wu, Di He, Fei Tian, Tao QIN, Jianhuang Lai and Tie-Yan Liu"
Area G (Machine Translation and Multilinguality) [LONG],979,A Study of Reinforcement Learning for Neural Machine Translation,"Lijun Wu, Fei Tian, Tao Qin, Jianhuang Lai and Tie-Yan Liu"
Area G (Machine Translation and Multilinguality) [LONG],1056,Meta-Learning for Low-Resource Neural Machine Translation,"Jiatao Gu, Yong Wang, Yun Chen, Victor O. K. Li and Kyunghyun Cho"
Area G (Machine Translation and Multilinguality) [LONG],1195,Phrase-Based & Neural Unsupervised Machine Translation,"Guillaume Lample, Myle Ott, Alexis Conneau, Ludovic Denoyer and Marc'Aurelio Ranzato"
Area G (Machine Translation and Multilinguality) [LONG],2187,A Visual Attention Grounding Neural Model for Multimodal Machine Translation,"Mingyang Zhou, Runxiang Cheng, Yong Jae Lee and Zhou Yu"
Area G (Machine Translation and Multilinguality) [LONG],189,Sentence Compression for Arbitrary Languages via Multilingual Pivoting,"Jonathan Mallinson, Rico Sennrich and Mirella Lapata"
Area G (Machine Translation and Multilinguality) [LONG],768,Unsupervised Cross-lingual Transfer of Word Embedding Spaces,"Ruochen Xu, Yiming Yang, Naoki Otani and Yuexin Wu"
Area G (Machine Translation and Multilinguality) [LONG],1605,XNLI: Cross-lingual Sentence Understanding through Inference,"Alexis Conneau, Ruty Rinott, Guillaume Lample, Adina Williams, Samuel Bowman, Holger Schwenk and Veselin Stoyanov"
Area G (Machine Translation and Multilinguality) [LONG],1880,The Importance of Joint Multilingual Supervision for Cross-lingual Entity Linking,"Shyam Upadhyay, Nitish Gupta and Dan Roth"
Area G (Machine Translation and Multilinguality) [LONG],2249,Fine-grained Coordinated Cross-lingual Text Stream Alignment for Endless Language Knowledge Acquisition,"Tao Ge, Qing Dou, Heng Ji, Lei Cui, Baobao Chang, Zhifang Sui, Furu Wei and Ming Zhou"
Area G (Machine Translation and Multilinguality) [LONG],1129,Why Self-Attention? A Targeted Evaluation of Neural Machine Translation Architectures,"Gongbo Tang, Mathias Müller, Annette Rios Gonzales and Rico Sennrich"
Area G (Machine Translation and Multilinguality) [LONG],1507,Simplifying Neural Machine Translation with Addition-Subtraction Twin-Gated Recurrent Networks,"Biao Zhang, Deyi Xiong, jinsong su, Qian Lin and Huiji Zhang"
Area G (Machine Translation and Multilinguality) [LONG],2304,Revisiting Character-Based Neural Machine Translation with Capacity and Compression,"Colin Cherry, George Foster, Ankur Bapna, Orhan Firat and Wolfgang Macherey"
Area G (Machine Translation and Multilinguality) [LONG],310,A Stable and Effective Learning Strategy for Trainable Greedy Decoding,"Yun Chen, Victor O.K. Li, Kyunghyun Cho and Samuel Bowman"
Area G (Machine Translation and Multilinguality) [LONG],344,Unsupervised Multilingual Word Embeddings,Xilun Chen and Claire Cardie
Area G (Machine Translation and Multilinguality) [LONG],1116,A Discriminative Latent-Variable Model for Bilingual Lexicon Induction,"Sebastian Ruder, Ryan Cotterell, Yova Kementchedjhieva and Anders Søgaard"
Area G (Machine Translation and Multilinguality) [LONG],270,Multi-lingual Common Semantic Space Construction via Cluster-Consistent Word Embedding,"Lifu Huang, Kyunghyun Cho, Boliang Zhang, Heng Ji and Kevin Knight"
Area G (Machine Translation and Multilinguality) [LONG],1527,SwitchOut: an Efficient Data Augmentation Algorithm for Neural Machine Translation,"Xinyi Wang, Hieu Pham, Zihang Dai and Graham Neubig"
Area G (Machine Translation and Multilinguality) [LONG],2269,Improving Unsupervised Word-by-Word Translation with Language Model and Denoising Autoencoder,"Yunsu Kim, Jiahui Geng and Hermann Ney"
Area G (Machine Translation and Multilinguality) [LONG],1220,Decipherment of Substitution Ciphers with Neural Language Models,"Nishant Kambhatla, Anahita Mansouri Bigvand and Anoop Sarkar"
Area G (Machine Translation and Multilinguality) [LONG],2030,Rapid Adaptation of Neural Machine Translation to New Languages,Graham Neubig and Junjie Hu
Area G (Machine Translation and Multilinguality) [LONG],1600,Compact Personalized Models for Neural Machine Translation,"Joern Wuebker, Patrick Simianer and John DeNero"
Area G (Machine Translation and Multilinguality) [LONG],958,A Tree-based Decoder for Neural Machine Translation,"Xinyi Wang, Hieu Pham, Pengcheng Yin and Graham Neubig"
Area G (Machine Translation and Multilinguality) [LONG],1176,Greedy Search with Probabilistic N-gram Matching for Neural Machine Translation,"Chenze Shao, Xilin Chen and Yang Feng"
Area G (Machine Translation and Multilinguality) [LONG],464,Exploring Recombination for Efficient Decoding of Neural Machine Translation,"Zhisong Zhang, Rui Wang, Masao Utiyama, Eiichiro Sumita and Hai Zhao"
Area G (Machine Translation and Multilinguality) [LONG],1267,Has Neural Machine Translation Achieved Human Parity? A Case for Document-level Evaluation,"Samuel Läubli, Rico Sennrich and Martin Volk"
Area G (Machine Translation and Multilinguality) [LONG],1150,Automatic Reference-Based Evaluation of Pronoun Translation Misses the Point,Liane Guillou and Christian Hardmeier
Area G (Machine Translation and Multilinguality) [LONG],446,Unsupervised Bilingual Lexicon Induction via Latent Variable Models,Zi-Yi Dou and Zhi-Hao Zhou
Area G (Machine Translation and Multilinguality) [LONG],1434,Learning Unsupervised Word Translations Without Adversaries,"Tanmoy Mukherjee, Makoto Yamada and Timothy Hospedales"
Area G (Machine Translation and Multilinguality) [LONG],728,Adversarial Training for Multi-task and Multi-lingual Joint Modeling of Utterance Intent Classification,"Ryo Masumura, Yusuke Shinohara, Ryuichiro Higashinaka and Yushi Aono"
Area H (Machine Learning) [LONG],256,Is it Time to Swish? Comparing Deep Learning Activation Functions Across NLP tasks,"Steffen Eger, Paul Youssef and Iryna Gurevych"
Area H (Machine Learning) [LONG],648,Hard Non-Monotonic Attention for Character-Level Transduction,"Shijie Wu, Pamela Shapiro and Ryan Cotterell"
Area H (Machine Learning) [LONG],1026,Modeling Localness for Self-Attention Networks,"Baosong Yang, Zhaopeng Tu, Derek F. Wong, Fandong Meng, Lidia S. Chao and Tong Zhang"
Area H (Machine Learning) [LONG],1562,Training RNNs as Fast as CNNs,"Tao Lei, Yu Zhang, Sida I. Wang, Hui Dai and Yoav Artzi"
Area H (Machine Learning) [LONG],1720,Spherical Latent Spaces for Stable Variational Autoencoders,Jiacheng Xu and Greg Durrett
Area H (Machine Learning) [LONG],1891,Word Mover's Embedding: From Word2Vec to Document Embedding,"Lingfei Wu, Ian En-Hsu Yen, Kun Xu, Fangli Xu, Avinash Balakrishnan, Pin-Yu Chen, Pradeep Ravikumar and Michael J. Witbrock"
Area H (Machine Learning) [LONG],2087,Challenges of Using Text Classifiers for Causal Inference,"Zach Wood-Doughty, Ilya Shpitser and Mark Dredze"
Area H (Machine Learning) [LONG],1479,Pyramidal Recurrent Unit for Language Modeling,"Sachin Mehta, Rik Koncel-Kedziorski, Mohammad Rastegari and Hannaneh Hajishirzi"
Area H (Machine Learning) [LONG],1793,On Tree-Based Neural Sentence Modeling,"Haoyue Shi, Hao Zhou, Jiaze Chen and Lei Li"
Area H (Machine Learning) [LONG],2098,Modeling Online Discourse with Coupled Distributed Topics,"Akshay Srivatsan, Zachary Wojtowicz and Taylor Berg-Kirkpatrick"
Area H (Machine Learning) [LONG],1221,Learning Disentangled Representations of Texts with Application to Biomedical Abstracts,"Sarthak Jain, Edward Banner, Jan-Willem van de Meent, Iain J Marshall and Byron C. Wallace"
Area H (Machine Learning) [LONG],1781,Multi-Source Domain Adaptation with Mixture of Experts,"Jiang Guo, Darsh Shah and Regina Barzilay"
Area H (Machine Learning) [LONG],1107,Multi-Domain Neural Machine Translation with Word-Level Domain Context Discrimination,"Jiali Zeng, Jinsong Su, Huating Wen, Yang Liu, Jun Xie, Yongjing Yin and Jianqiang Zhao"
Area H (Machine Learning) [LONG],2056,Improving the Transformer Translation Model with Document-Level Context,"Jiacheng Zhang, Huanbo Luan, Maosong Sun, Feifei Zhai, Jingfang Xu, Min Zhang and Yang Liu"
Area H (Machine Learning) [LONG],1398,Cross-lingual Decompositional Semantic Parsing,"Sheng Zhang, Xutai Ma, Rachel Rudinger, Kevin Duh and Benjamin Van Durme"
Area H (Machine Learning) [LONG],1234,One-Shot Relational Learning for Knowledge Graphs,"Wenhan Xiong, Mo Yu, Shiyu Chang, Xiaoxiao Guo and William Yang Wang"
Area H (Machine Learning) [LONG],2177,QuAC: Question Answering in Context,"Eunsol Choi, He He, Mohit Iyyer, Mark Yatskar, Wen-tau Yih, Yejin Choi, Percy Liang and Luke Zettlemoyer"
Area H (Machine Learning) [LONG],1174,A Challenge Set and Methods for Noun-Verb Ambiguity,"Ali Elkahky, Kellie Webster, Daniel Andor and Emily Pitler"
Area H (Machine Learning) [LONG],704,Hierarchical Dirichlet Gaussian Marked Hawkes Process for Narrative Reconstruction in Continuous Time Domain,"Yeon Seonwoo, Alice Oh and Sungjoon Park"
Area H (Machine Learning) [LONG],227,Incorporating Background Knowledge into Video Description Generation,"Spencer Whitehead, Heng Ji, Mohit Bansal, Shih-Fu Chang and Clare Voss"
Area H (Machine Learning) [LONG],486,Capturing Regional Variation with Distributed Place Representations and Geographic Retrofitting,Dirk Hovy and Christoph Purschke
Area H (Machine Learning) [LONG],1494,Collecting Diverse Natural Language Inference Problems for Sentence Representation Evaluation,"Adam Poliak, Aparajita Haldar, Rachel Rudinger, J. Edward Hu, Ellie Pavlick, Aaron Steven White and Benjamin Van Durme"
Area H (Machine Learning) [LONG],1612,Subgoal Discovery for Hierarchical Dialogue Policy Learning,"Da Tang, Xiujun Li, Jianfeng Gao, Chong Wang, Lihong Li and Tony Jebara"
Area H (Machine Learning) [LONG],576,Modeling Game-Based Video-Context Dialogue,Ramakanth Pasunuru and Mohit Bansal
Area H (Machine Learning) [LONG],282,Learning a Policy for Opportunistic Active Learning,"Aishwarya Padmakumar, Peter Stone and Raymond Mooney"
Area H (Machine Learning) [LONG],1021,Exploiting Deep Representations for Neural Machine Translation,"Zi-Yi Dou, Zhaopeng Tu, Xing Wang, Shuming Shi and Tong Zhang"
Area H (Machine Learning) [LONG],2064,Cube Pruning for Neural Machine Translation,"Wen Zhang, Lei Shen, Yang Feng, Liang Huang and Qun Liu"
Area H (Machine Learning) [LONG],953,Deterministic Non-Autoregressive Neural Sequence Modeling by Iterative Refinement,"Jason Lee, Elman Mansimov and Kyunghyun Cho"
Area H (Machine Learning) [LONG],1229,Large Margin Neural Language Model,"Jiaji Huang, Yi Li, Wei Ping and Liang Huang"
Area H (Machine Learning) [LONG],2001,Rational Recurrences,"Hao Peng, Roy Schwartz, Sam Thomson and Noah A. Smith"
Area H (Machine Learning) [LONG],2117,Efficient Contextualized Representation: Language Model Pruning for Sequence Labeling,"Liyuan Liu, Xiang Ren, Jingbo Shang, Xiaotao Gu, Jian Peng and Jiawei Han"
Area H (Machine Learning) [LONG],1358,Noise Contrastive Estimation for Conditional Models: Consistency and Statistical Efficiency,Zhuang Ma and Michael Collins
Area H (Machine Learning) [LONG],1666,CaLcs: Continuously Approximating Longest Common Subsequence for Sequence Level Optimization,"Semih Yavuz, Chung-Cheng Chiu, Patrick Nguyen and Yonghui Wu"
Area H (Machine Learning) [LONG],2051,Pathologies of Neural Models Make Interpretation Difficult,"Shi Feng, Eric Wallace, Alvin Grissom II, Mohit Iyyer, Pedro Rodriguez and Jordan Boyd-Graber"
Area H (Machine Learning) [LONG],1406,Gromov-Wasserstein Alignment of Word Embedding Spaces,David Alvarez-Melis and Tommi Jaakkola
Area H (Machine Learning) [LONG],1621,Deriving Machine Attention from Human Rationales,"Yujia Bao, Shiyu Chang, Mo Yu and Regina Barzilay"
Area H (Machine Learning) [LONG],1741,Semi-Supervised Sequence Modeling with Cross-View Training,"Kevin Clark, Minh-Thang Luong, Christopher D. Manning and Quoc Le"
Area H (Machine Learning) [LONG],2087,Challenges of Using Text Classifiers for Causal Inference,"Zach Wood-Doughty, Ilya Shpitser and Mark Dredze"
Area H (Machine Learning) [LONG],430,Structured Multi-Label Biomedical Text Tagging via Attentive Neural Tree Decoding,"Gaurav Singh, James Thomas, Iain Marshall, John Shawe-Taylor and Byron C. Wallace"
Area H (Machine Learning) [LONG],1518,Natural Language Processing Not-At-All from Scratch: Evaluating The Utility of Hand-crafted Features in Deep Learning,"Minghao Wu, Fei Liu and Trevor Cohn"
Area H (Machine Learning) [LONG],1297,Why is unsupervised alignment of English embeddings from different algorithms so hard?,"Mareike Hartmann, Yova Kementchedjhieva and Anders Søgaard"
Area H (Machine Learning) [LONG],1708,Neural Davidsonian Semantic Proto-role Labeling,"Rachel Rudinger, Adam Teichert, Ryan Culkin, Sheng Zhang and Benjamin Van Durme"
Area H (Machine Learning) [LONG],1462,Surprisingly Easy Hard-Attention for Sequence to Sequence Learning,"Shiv Shankar, Siddhant Garg and Sunita Sarawagi"
Area H (Machine Learning) [LONG],695,Dual Fixed-Size Ordinally Forgetting Encoding (FOFE) for Competitive Neural Language Models,"Sedtawut Watcharawittayakul, Mingbin Xu and Hui Jiang"
Area H (Machine Learning) [LONG],204,The importance of Being Recurrent for Modeling Hierarchical Structure,"Ke Tran, Arianna Bisazza and Christof Monz"
Area H (Machine Learning) [LONG],1198,Towards Dynamic Computation Graphs via Sparse Latent Structure,"Vlad Niculae, André F. T. Martins and Claire Cardie"
Area H (Machine Learning) [LONG],1111,Convolutional Neural Networks with Recurrent Neural Filters,Yi Yang
Area H or D,1379-TACL,Language Modeling for Morphologically Rich Languages: Character-Aware Modeling for Word-Level Prediction,"Daniela Gerz, Ivan Vulić, Edoardo Maria Ponti, Jason Naradowsky, Roi Reichart, Anna Korhonen"
Area H or D,1396-TACL,LOW-RANK RNN ADAPTATION FOR CONTEXT-AWARE LANGUAGE MODELING,Aaron Jaech and Mari Ostendorf